tag,COUNT(*)
electron,146
javascript,61
react,59
typescript,53
nodejs,35
vue,23
electronjs,22
electron-app,20
html,19
vite,14
css,12
editor,11
node,11
reactjs,11
vuejs,11
js,10
vue3,8
game,8
desktop-app,8
python,8
blockchain,8
nextjs,7
tailwindcss,6
app,6
linux,6
windows,6
application,6
music,5
webpack,5
redux,5
angular,5
macos,5
cryptocurrency,5
music-player,5
scss,5
html5,5
desktop,4
express,4
react-native,4
boilerplate,4
eslint,4
github,4
ipc,4
android,4
php,4
template,4
open-source,4
npm,4
discord,4
firebase,4
gui,4
sass,4
ethereum,4
home-assistant,4
cross-platform,4
quasar-framework,4
database,3
esbuild,3
prettier,3
system,3
chat,3
websocket,3
automation,3
create-react-app,3
flutter,3
desktop-client,3
iot,3
config,3
github-config,3
tutorial,3
css3,3
plugin,3
socket-io,3
vitejs,3
electron-vue,3
ide,3
youtube,3
youtube-downloader,3
education,2
website,2
trpc,2
chords,2
adb,2
webpack2,2
inter-process-communication,2
sdk,2
gaming,2
video,2
binance,2
binance-api,2
awesome,2
styled-components,2
deeeepio,2
svelte,2
twitch,2
websockets,2
rpg,2
web,2
diary,2
journal,2
cloud,2
selenium,2
oauth,2
smartmirror,2
desktop-application,2
daisyui,2
vscode,2
script,2
anime,2
html-css-javascript,2
web3,2
go,2
vue2,2
vuetify,2
pwa,2
webapp,2
minimal,2
admin,2
vuejs3,2
material-ui,2
calculator,2
ubuntu,2
practice-project,2
rgb-led,2
cerebro-plugin,2
element-plus,2
minecraft,2
hacktoberfest,2
tinymce,2
tinymce5,2
image,2
steam,2
nuxtjs,2
nestjs,2
compiler,2
jsx,2
solidity,2
nuxt,2
dapp,2
rust,2
vue-cli-plugin-electron-builde,1
vue-quick-start,1
quick-start,1
lang,1
nwvbug-development,1
studying,1
mysql,1
sql,1
trpc-shield,1
web-scraper,1
wrapper,1
cli,1
hot-reload,1
capacitorjs,1
mantine-ui,1
github-trending,1
pm2,1
scrape,1
ui,1
umami,1
web-scraping,1
blog,1
hexo,1
static-blog,1
static-blog-generator,1
static-site,1
static-site-generator,1
app-church,1
website-church,1
church,1
church-sermons,1
app-sermons,1
sermons-app,1
sermons-website-audio,1
settings,1
gehlenborglab,1
hubmap,1
imaging,1
openmicroscopy,1
ome-tiff,1
zarr,1
viv,1
tailwind,1
storybook,1
diary-app,1
java,1
socket,1
game-launcher,1
game-shop,1
revived,1
info,1
ts,1
quasar,1
bible,1
mybible,1
study-bible,1
overleaf,1
thelounge,1
electronjs-app,1
vanillajs,1
apache2,1
rhino,1
grasshopper,1
samples,1
renderer,1
overlay,1
overwatch,1
practices,1
valorant,1
websocket-server,1
websocket-server-test,1
kotlin,1
blackmagic-fusion,1
sqlite3,1
note,1
jquery,1
3ds,1
3ds-homebrew,1
jw,1
jehovahs-witnesses,1
jw-library,1
jw-org,1
jworg,1
media,1
meeting,1
zoom-meetings,1
media-fetcher,1
electron-builder,1
bytenode,1
encrypt,1
simple,1
kkt,1
kkt-cli,1
webpack4,1
desktopapp,1
lifevet,1
appdesktop,1
labslifevet,1
lifevetlabs,1
win32api,1
audio,1
community,1
music-library,1
audio-player,1
audio-streaming,1
lyrics,1
firebase-database,1
playwright,1
chrome-extension,1
applovin,1
cocos,1
facebook,1
tiktok,1
unity,1
web-mobile,1
playable,1
playable-game,1
keystrokes,1
mouse,1
visualization,1
hacking,1
hacking-code,1
hacking-tool,1
hacking-tools,1
hackingtools,1
proffessional,1
hackingpro,1
awesome-hacking,1
states,1
component,1
library,1
accesibility,1
radix,1
redis,1
redis-client,1
stitches,1
forums,1
sveltekit,1
sveltekit-template,1
scada,1
iiot,1
plc,1
hmi,1
midi,1
music-theory,1
obs-studio,1
piano-keyboard,1
music-learning,1
piano,1
piano-chords,1
midi-router,1
midi-routing,1
messenger,1
vk,1
vkontakte,1
vkontakte-client,1
components,1
ilse,1
notebook,1
plugins,1
templates,1
themes,1
ilse-langnar-notebook,1
alves,1
student,1
toolkit,1
alsong,1
spotify,1
hulk,1
ddos,1
ddos-attack,1
ddos-script,1
async,1
python3,1
asynchronous,1
http,1
https,1
named-pipes,1
nextron,1
soundboard,1
evidence,1
scheduling,1
predictions,1
hours,1
accuracy,1
japanese,1
visual-novel,1
discord-bot,1
discord-js,1
quiz,1
utfpr,1
gamification,1
school,1
gamificacao,1
games,1
whiteboard,1
drawing,1
timer,1
ableton,1
ableton-live,1
echarts,1
prototyping,1
software-engineering,1
devops,1
devsecops,1
aiohttp,1
asyncio,1
firebase-storage,1
firestore,1
firestore-auth,1
heroku-deployment,1
igdb-api,1
react-hook-form,1
react-paginate,1
react-router-dom,1
react-router-hash-link,1
react-spinners,1
swiper,1
electron-ipc-communication,1
example,1
yandex,1
recoil,1
game-development,1
magicmirror,1
bootstrap5,1
development,1
mobile,1
postcss,1
prettier-eslint,1
inject,1
webbrowser,1
browser,1
coding,1
computer-architecture,1
flask-application,1
mano-computer-simulator,1
mano-machine,1
mano-simulator,1
substrate,1
light-client,1
mindmap-editor,1
mindmap,1
react-three-fiber,1
three-js,1
nx,1
react16,1
cyberchef,1
fastapi,1
tailwind-css,1
fitness,1
productivity-tools,1
payload-injector,1
nintendo-switch,1
nintendo-hacking,1
tegrarcm,1
leagueoflegends,1
script-platform,1
flask,1
waifu,1
smash-or-pass,1
filmmaker,1
iogame,1
obsidian,1
task-manager,1
finance,1
finance-management,1
django,1
beacon-chain,1
proof-of-stake,1
sharding,1
eth2,1
serenity,1
practice,1
webrtc,1
chat-app,1
chat-application,1
sequelize,1
vuetifyjs,1
socketio,1
messaging,1
spa,1
taskbar,1
llvm,1
llvm-prepo,1
program-repository,1
pstore,1
easy-to-use,1
offline,1
testing,1
mocha,1
coverage,1
unit-test,1
administration,1
rat,1
remote-administration,1
remote-administration-tool,1
admin-tool,1
vue3-composition-api,1
koa,1
dexiejs,1
flyme,1
meizu,1
switch,1
electron-forge,1
beautiful,1
notion,1
mint,1
popos,1
mail,1
bitwarden,1
photography,1
zcam,1
scrcpy,1
mirroring,1
recording,1
squid,1
terminal,1
shell,1
ssh,1
todoist,1
mqtt,1
sonoff,1
tasmota,1
zigbee,1
software-installation,1
netease-cloud-music,1
netease-music,1
neteasecloudmusicapi,1
yesplaymusic,1
postgresql,1
tts,1
webgl,1
graphics,1
2d,1
3d,1
animation,1
input,1
physics,1
web3d,1
webgl2,1
desktop-caldendar,1
data-structures,1
interview-tasks,1
algorithms,1
shiny-app,1
r,1
spatial-analysis,1
statistical,1
fixprotocol,1
testing-tools,1
api-rest,1
csharp,1
devextreme,1
webscraping,1
development-environment,1
qq,1
oicq,1
pixijs,1
vocaloid,1
ldap,1
password-generator,1
sysadmin-tool,1
electron-js,1
minecraft-server,1
nearprotocol,1
orbit-db,1
three0,1
medical-physics,1
dicom,1
radiation-oncology,1
radiation-therapy,1
radiation-physics,1
radiotherapy,1
javascript-game,1
downloader,1
ytdownloader,1
axios,1
weather,1
cerebro,1
cerebro-snippets,1
snippets,1
codesnippet,1
size,1
notifications,1
hawkeye,1
mac,1
vuex,1
achievement,1
trophy,1
rpcs3,1
uplay,1
playtime-tracking,1
notification,1
reading,1
end-to-end-encryption,1
mobile-app,1
pkm,1
zettelkasten,1
text,1
texteditor,1
qrcode,1
qrcode-generator,1
bot,1
bsc,1
bsc-bot,1
dxsale,1
pancake-bot,1
pancake-sniper,1
pancakeswap,1
pancakeswap-bot,1
pancakeswap-bot-prediction,1
pancakeswap-bot-sniper,1
pancakeswap-sniper,1
pancakeswap-sniper-bot,1
sniper,1
sniper-bot,1
swap-bot,1
pcs-sniper-bot,1
xposed,1
xposed-module,1
express-js,1
nfts,1
node-js,1
smart-contracts,1
calendar,1
excel,1
linux-desktop,1
microsoft,1
microsoft-office,1
onedrive,1
onenote,1
outlook,1
powerpoint,1
skype,1
teams,1
to-do,1
word,1
family-safety,1
vanilla-js,1
driver,1
logging,1
logger,1
logging-library,1
cypress-io,1
jest,1
calc,1
chrome-extensions,1
electron-chrome-extensions,1
raspberry-pi,1
smart,1
live-wallpaper,1
windows-10,1
launcher,1
minecraft-launcher,1
table,1
list,1
comicserver,1
cpp,1
gcc,1
gnu,1
mingw,1
gnu-gcc,1
wallet,1
orchestra,1
regexp,1
orchestra-language,1
readability,1
visual-language,1
monaco-editor,1
blockly,1
kf-ui5,1
regular-expression,1
kary-comments,1
regex,1
regular-languages,1
regular-expression-engine,1
visual-languages,1
kary-coding-umbrella,1
ant-design,1
antd,1
antd-admin,1
antd-pro,1
husky,1
react-admin,1
react-app,1
antd-admin-react,1
micro-fontend,1
micro-framework,1
micro-web,1
react-admin-template,1
react-micro-apps,1
pipewrench,1
projectzomboid,1
typescript-definitions,1
analysis,1
forex-market,1
market,1
journaling,1
encrypted,1
conversion,1
convert,1
twitter,1
learning-by-doing,1
learning-exercise,1
element-ui,1
hyperf,1
legit,1
lgbt,1
no,1
scam,1
black,1
lives,1
matter,1
t-rex,1
t-rex-runner,1
chrome-game,1
vue3-typescript,1
energy-web,1
polkadot-js,1
edtech,1
startup,1
indian-classical-music,1
musicology,1
computational-musicology,1
music-notation-format,1
articles,1
faust,1
gatsbyjs,1
mdx,1
json,1
todo-list,1
infrastructure,1
workspace,1
vagrant,1
container,1
virtualization,1
morajlab,1
iaac,1
provisioner,1
vmbox,1
wsl,1
webpack5,1
jwt-token,1
protected-routes,1
redux-toolkit,1
bsd,1
freebsd,1
dns,1
dns-poisoning,1
gfw,1
hosts,1
coc,1
nvim,1
vim,1
redocly,1
neovim,1
vscode-extension,1
discord-rpc,1
deezer,1
pdscorg,1
bootstrap,1
scaffold,1
mindustry,1
mindustry-mod,1
pangu,1
vanilla-javascript,1
boilerplate-template,1
tools,1
github-api,1
gitlab,1
gitlab-api,1
ferdium,1
electronim,1
franz,1
anilibria,1
anilibria-api,1
animevost,1
animevost-api,1
electron-nuxt,1
designer,1
low-code,1
algorithmic-trading,1
algorithmic-trading-library,1
binance-bot,1
cryptocurrency-trading-bot,1
exchange,1
trading-bot,1
trading-framework,1
trading-platform,1
binance-chain,1
binance-crytpocurrency-exchang,1
binance-exchange,1
binance-futures,1
binance-smart-chain,1
binance-trader,1
binance-trading-bot,1
bot-api,1
context-api,1
reacttestinglibrary,1
platform,1
dcbotting,1
bot-client,1
discord-bot-client,1
cambridge,1
dictionary,1
management-system,1
network,1
stellar,1
ionic,1
tmi,1
tmijs,1
client,1
chat-bot,1
chat-client,1
chatbot,1
chatter,1
enchatter,1
mongodb,1
hello-world,1
furry,1
commits,1
counter,1
lite-version,1
events,1
farming-game,1
tutorial-code,1
bun,1
wiki,1
league,1
garena,1
league-of-legends,1
league-of-legends-api,1
wegame,1
gplv2,1
lcu-api,1
league-api,1
league-client,1
league-client-api,1
lol,1
wegame-api,1
lytical,1
lytical-app,1
lytical-lol,1
opgg-garena,1
garena-opgg,1
garena-ugg,1
china-opgg,1
full-stack,1
nightmare,1
phantomjs,1
nightmarejs,1
rightclick,1
middleclick,1
ctrlclick,1
altclick,1
shiftclick,1
cmdclick,1
mp3,1
cleaner,1
warehouse-management-system,1
webstore-sync,1
ios,1
setapp,1
defi,1
gamemaker,1
gmml,1
will-you-snail,1
eggjs,1
nuken,1
web-application,1
web-development,1
peer-to-peer,1
code-editor,1
text-editor,1
docker,1
docker-py,1
docker-sdk,1
rest-api,1
starlette,1
expressjs,1
yeelight,1
filemanager,1
xterm,1
pty,1
minimalist,1
arduino,1
chart,1
plotly,1
plotly-js,1
plotlyjs,1
frp,1
esayfrp,1
reverse-proxy,1
bass,1
deep-learning,1
demucs,1
drums,1
vocals,1
machine-learning,1
source-separation,1
audio-processing,1
casdoor,1
iam,1
oidc,1
saml,1
sso,1
novels,1
appwrite,1
operating-system,1
os,1
pseudo-operating-system,1
clubpenguin,1
clubpenguinclient,1
clubpenguinprivateserver,1
clubpenguinserveremulator,1
deprecated,1
obsolete,1
mapbox,1
unreal,1
unreal-engine,1
heightmap,1
heightmap-terrain,1
heightmaps,1
terrain-generation,1
gdal,1
a-star-algorithm,1
dijkstra-algorithm,1
graphs,1
graphs-algorithms,1
graphs-theory,1
mapping,1
maps,1
open-street-map,1
kafka,1
kafka-streams,1
kafkastreams,1
ksql,1
ksqldb,1
action-game,1
es6,1
phaser,1
rick-and-morty,1
roguelike,1
rotjs,1
snowpack,1
depotdownloader,1
bash,1
reactive,1
api,1
tauri,1
code,1
cidermusicplugin,1
cmsd,1
streaming-analytics,1
cmcd,1
ambilight,1