word,COUNT(*)
for,474
and,389
Electron,351
The,314
to,278
app,272
with,260
desktop,154
of,149
in,140
is,137
An,126
application,117
on,104
Simple,100
that,90
React,87
de,76
this,74
your,73
using,70
made,62
project,59
you,56
tool,53
web,52
based,52
built,51
my,49
from,48
Client,43
all,42
Code,40
by,39
TypeScript,37
framework,36
JavaScript,36
Source,35
editor,34
Template,32
cross-platform,32
open,32
para,31
js,31
use,31
game,31
it,29
GUI,28
boilerplate,28
Music,27
manager,27
UI,27
software,27
Vue,26
file,26
as,26
Electron.,25
can,24
ElectronJS,24
repository,24
system,24
files,24
any,23
development,23
"Electron,",23
Visual,22
website,22
browser,22
Vite,21
create,21
Player,21
be,20
launcher,20
platform,20
used,20
get,20
Windows,20
will,19
repo,19
which,18
into,18
written,18
user,18
Demo,18
Management,18
build,17
IDE,17
learning,17
api,17
created,17
basic,17
data,17
markdown,17
frontend,16
Google,16
Studio,16
custom,16
YouTube,16
Linux,16
allows,16
make,16
Library,16
personal,16
video,16
Password,15
local,15
version,15
Text,15
chat,15
test,15
started,15
screen,14
building,14
Free,14
Native,14
apps,14
tools,13
type,13
terminal,13
or,13
"React,",13
about,13
first,13
"Windows,",13
online,13
collection,13
TypeScript.,12
OS,12
quality,12
designed,12
manage,12
without,12
not,12
Server,12
program,12
are,12
save,11
high,11
support,11
Discord,11
GitHub,11
just,11
way,11
Beautiful,11
implementation,11
network,11
up,11
Vue.js,11
el,11
bot,11
more,11
play,11
working,11
Clone,11
users,10
definitions.,10
Official,10
um,10
List,10
android,10
Ethereum,10
Modern,10
Node.js,10
node,10
helps,10
download,10
Testing,10
open-source,10
image,10
other,10
run,10
applications,9
study,9
electron.js,9
generate,9
technologies,9
one,9
so,9
Messenger,9
example,9
out,9
Small,9
interface,9
through,9
note,9
timer,9
multiple,9
:electron:,9
managing,9
Wallet,9
sharing,9
macOS,9
Angular,9
cross,9
Work,9
Generator,8
RepositÃ³rio,8
do,8
display,8
useful,8
builder,8
que,8
easy,8
Calculator,8
la,8
information,8
them,8
between,8
new,8
but,8
engine,8
extension,8
blockchain,8
Chrome,8
Minecraft,8
Mac,8
control,8
developed,8
project.,8
Powered,8
JSON,8
clean,8
available,8
task,8
time,8
command,8
uses,7
Streaming,7
compatible,7
quasar,7
com,7
flexible,7
interfaces.,7
Redux,7
DevTools,7
menu,7
Un,7
"HTML,",7
help,7
digital,7
mobile,7
enables,7
viewer,7
computer,7
end,7
sample,7
plugin,7
Works,7
fast,7
audio,7
Device,7
over,7
IPFS,7
Add,7
if,7
"android,",7
start,7
very,7
minimal,7
Try,7
environment,7
own,7
see,7
some,7
SoundCloud,7
`npm,7
creating,6
set,6
ReactJS,6
API.,6
it's,6
cloud,6
implemented,6
Assistant,6
Tracker,6
monitor,6
private,6
quick,6
Fork,6
blog,6
uma,6
hot,6
Microsoft,6
when,6
Curso,6
"declarative,",6
"efficient,",6
starter,6
package,6
CSS,6
Recorder,6
Front-end,6
mini,6
secure,6
like,6
NodeJS,6
"macOS,",6
videos,6
different,6
taking,6
"Linux,",6
encryption,6
Cli,6
compiles,6
top,6
Learn,6
while,6
"Free,",6
easiest,6
"ios,",6
Next,6
collaboration,6
including,6
con,6
Azure,6
calendar,6
their,6
interactive,6
customizable,6
###,6
editor.,6
Theia,5
images,5
Service,5
has,5
em,5
application.,5
various,5
automatic,5
aplicaÃ§Ã£o,5
Access,5
AplicaciÃ³n,5
pour,5
tasks,5
Course,5
following,5
tutorial,5
app.,5
PC,5
production,5
browsing,5
websites,5
NFT,5
database,5
tv,5
features,5
Front,5
Vue3,5
Home,5
how,5
raspberry,5
pi,5
base,5
convert,5
media,5
where,5
projeto,5
MIDI,5
runs,5
playground,5
Todo,5
Laravel,5
Svelte,5
controller,5
against,5
Twitch,5
analysis,5
Electron),5
Map,5
Language,5
notes,5
utility,5
Virtual,5
superset,5
output.,5
"Mac,",5
Page,5
setup,5
Nix,5
Packages,5
applications.,5
main,5
integrated,5
webcam,5
live,5
making,5
Meeting,5
Keep,5
desktop.,5
proyecto,5
Webpack,5
content,5
advanced,5
find,5
Wrapper,5
Python,5
Steam,5
games,4
devices,4
conversion,4
Eclipse,4
Usage,4
unofficial,4
single,4
electronic,4
offline,4
little,4
light,4
"JS,",4
Card,4
stream,4
install,4
Authentication,4
versions,4
Series,4
around,4
files.,4
services,4
no,4
Arduino,4
settings,4
"JavaScript,",4
"TypeScript,",4
visualization,4
web.,4
mirror,4
:globe_with_meridians:,4
:electric_plug:,4
MetaMask,4
enabled,4
Best,4
Windows.,4
final,4
Ğ´Ğ»Ñ,4
HoneyComb,4
2022,4
world,4
clock,4
tweets,4
Only,4
contains,4
config,4
Mod,4
mods,4
stuff,4
framework.,4
Next.JS,4
knowledge,4
OSS,4
resources,4
rapid,4
store,4
serial,4
"Web,",4
firebase,4
show,4
Billing,4
reader,4
Lets,4
mail,4
lightweight,4
via,4
ipc,4
organizer,4
react.,4
students,4
shell,4
at,4
switch,4
time.,4
know,4
take,4
running,4
many,4
ever,4
alternative,4
anime,4
exchange,4
during,4
usando,4
line,4
configuration,4
backend,4
most,4
del,4
en,4
Una,4
"reloading,",4
action,4
"replay,",4
projects,4
programming,4
them.,4
models,4
full,4
view,4
point,4
POC,4
orders,4
group,4
requests,4
across,4
fully,4
Linux.,4
messages,4
HTML5,4
Phaser,3
engineering,3
purpose,3
system.,3
Flash,3
âš¡ï¸,3
LAN,3
components.,3
trying,3
drag,3
setting,3
updater,3
operating,3
bug,3
life,3
simulator,3
was,3
before,3
current,3
Downloads,3
edit,3
community,3
Hub,3
Projetos,3
have,3
Code.,3
"Vue,",3
Sistema,3
random,3
Onion,3
Powerful,3
tray,3
journal,3
speed,3
intelligent,3
extensions,3
integrate,3
Este,3
copy,3
proxy,3
shows,3
Managed,3
starting,3
nice,3
tag,3
videos.,3
figure,3
window,3
We,3
installer,3
to-do,3
Crypto,3
bar,3
pomodoro,3
Search,3
music.,3
Module,3
component,3
automatically,3
"CSS,",3
nextron,3
inventory,3
Processing,3
want,3
functional,3
also,3
easier,3
profile.,3
HTTP,3
Distributed,3
Scheduler,3
Universal,3
Remote,3
"API,",3
form,3
read,3
public,3
information.,3
Filter,3
Activities,3
Notifications,3
controle,3
das,3
modding,3
being,3
update,3
Vue.,3
Write,3
daily,3
removing,3
folders,3
convenient,3
goods,3
MoySklad,3
Dead,3
Profile,3
Edition,3
writing,3
team,3
class,3
create-react-app,3
its,3
same,3
every,3
Computing,3
commands,3
Reading,3
player.,3
easily,3
such,3
"projects,",3
complete,3
platforms,3
elegant,3
maker,3
servers,3
messaging,3
progress,3
electron-vue,3
script,3
Weather,3
develop,3
functionality,3
ability,3
checks,3
check,3
Includes,3
note-taking,3
æ¡Œé¢è½¯ä»¶å¼€å‘æ¨¡æ¿,3
tracking,3
VPN,3
Path,3
sync,3
style,3
Connect,3
design,3
crud,3
instead,3
"Calendar,",3
Notion,3
Peer-to-peer,3
PlayStation,3
db,3
Downloader,3
people,3
CrÃ©ation,3
WebGL,3
emulator,3
easier.,3
GraphQL,3
Twitter,3
they,3
www.draw.io,3
RSS,3
coming,3
pen,3
hardware,3
standard,3
together,3
Screenshot,3
Scripts,3
file`,3
go,3
still,3
automate,3
cryptocurrency,3
trading,3
"Client,",3
Vuex,3
more.,3
Encrypted,3
TS,3
integration,3
items,3
mt-vite,3
log,3
call,3
Wallpaper,3
Tizen,3
experimental,3
demos,3
port,3
Git,3
html,3
Libraries,3
storage,3
dashboard,3
SQL,3
Electron's,2
reverse,2
currency,2
Expo,2
boot,2
template.,2
record,2
easily.,2
All-in-one,2
torrent,2
boiler,2
plate,2
language.,2
Party,2
unique,2
"name,",2
model,2
mining,2
scrapper,2
í”„ë¡œì íŠ¸,2
Forge,2
fix,2
EncryptOS,2
Super,2
standalone,2
ser,2
Feito,2
things,2
organize,2
tomorrow's,2
(MSAL),2
Old,2
latest,2
aprender,2
Displaying,2
calculator.,2
Tracks,2
Active,2
focused,2
Institute,2
side,2
decentralised,2
los,2
cloud.,2
des,2
"instance,",2
et,2
lot,2
bootstrap,2
3,2
implements,2
connection,2
Ruby,2
provided,2
software.,2
Contact,2
"redux,",2
axios,2
I'm,2
studying,2
authorisation,2
Identifiers),2
Credentials),2
Now,2
routing,2
translates,2
could,2
Leer,2
xml,2
react+electron+webpack,2
pinning,2
decentralized,2
print,2
internship,2
scraper,2
Allow,2
renderer,2
Load,2
Chromium,2
url,2
tailwindcss,2
Overleaf,2
"project,",2
C++,2
modules,2
Ubuntu,2
Completo,2
na,2
Udemy,2
Ğ¿Ñ€Ğ¸Ğ»Ğ¾Ğ¶ĞµĞ½Ğ¸Ğµ,2
Ğ½Ğ°,2
Product,2
developer,2
communication,2
friends,2
Terraform,2
strategy,2
English,2
friendly,2
websocket,2
tester,2
encrypt,2
automation,2
everyone.,2
Experiment,2
Jest,2
shopping,2
complex,2
Die,2
fÃ¼r,2
eine,2
Everything,2
need,2
Raycast.,2
"App,",2
future,2
devs,2
it.,2
meetings,2
share,2
EFI,2
Programa,2
Joplin,2
capabilities,2
iOS.,2
Regular,2
visualizer,2
diagrams.,2
Minecraft.,2
news,2
performance,2
protocol,2
(unfinished),2
programs,2
tool.,2
calculate,2
Keystroke,2
Mouse,2
blockchain.,2
prototyping,2
Pro,2
"application,",2
Criando,2
"video,",2
Project:,2
"PHP,",2
spinning,2
question,2
Java,2
client.,2
game.,2
CI/CD,2
large,2
SCANOSS,2
Quickscan,2
demonstrates,2
scans,2
entire,2
results,2
"pentester,",2
message,2
products,2
toolkit,2
æ¨¡æ¿,2
ê²€ìƒ‰,2
restaurant,2
accounting,2
small-businesses,2
freelancers.,2
WebRTC,2
Assignment,2
Japanese,2
multipurpose,2
send,2
engenharia,2
porta,2
TweetDeck,2
"Issues,",2
99%,2
Plex,2
objetivo,2
criar,2
painel,2
criaÃ§Ã£o,2
aplicativo,2
alunos,2
tambÃ©m,2
analytics,2
thoughts,2
Python.,2
JS.,2
embedded,2
d'une,2
Third,2
Drawing,2
maybe,2
metadata,2
receiving,2
balance,2
musical,2
SDK,2
existing,2
explorer,2
Optimized,2
having,2
Among,2
Us,2
generator.,2
sqlite3.,2
runtime,2
supports,2
Rich,2
Presence,2
PWA,2
feature,2
Docs,2
entirely,2
photos,2
Signal,2
core,2
pdf,2
Py,2
Shiny,2
Connected,2
capture,2
Name,2
"source,",2
easy-to-use,2
sus,2
"videos,",2
OLED,2
mind,2
word,2
Next.,2
KeePass,2
directory,2
Calculadora,2
unfinished,2
ğŸ“A,2
"editor,",2
room.,2
default,2
usuÃ¡rio,2
training,2
normal,2
emailing,2
combines,2
common,2
one.,2
untuk,2
Electron-based,2
WIP,2
League,2
Legends,2
fetch,2
experiments,2
Obsidian,2
CÃ³digo,2
alike,2
projects.,2
device.,2
links,2
errors,2
hands-on,2
experience,2
Monorepo,2
creative,2
admin,2
called,2
Cell,2
Machine,2
remake,2
passwords,2
attempt,2
Exile,2
gestor,2
multiplataforma,2
What,2
am,2
vue2,2
v2,2
"Secure,",2
coding,2
beginners,2
explore,2
JavaScript.,2
please,2
Review,2
Campus,2
P2P,2
demoing,2
simples,2
Tooling,2
Sqlite3,2
etc.,2
Our,2
vs,2
There,2
then,2
receive,2
choose,2
Outlook,2
User-Friendly,2
Sequence,2
games.,2
CodeMirror,2
Minimalist,2
issue,2
vault,2
Browse,2
texts,2
University,2
Students!,2
SSH,2
E2E,2
office,2
cadastro,2
desarrollado,2
good,2
Launcher.,2
Portfolio,2
Practice,2
watch,2
MyCrypto,2
"open-source,",2
generating,2
interacting,2
Cerebro,2
âš¡ï¸The,2
Fullstack,2
represents,2
bundle,2
zoomable,2
treemap,2
"work,",2
laptop,2
:fire:,2
clicks,2
Eisenhower,2
Matrix,2
"important,",2
should,2
focus,2
delete,2
ecosystem,2
finances,2
ElementPlus,2
"engine,",2
"cross-platform,",2
science,2
fiction,2
monitoring,2
touchscreen,2
support.,2
debugging,2
Apollo,2
modified,2
ProgramaciÃ³n,2
templates,2
determine,2
Process,2
Playing,2
Genshin,2
Impact,2
Universe,2
deep,2
"learning,",2
(from,2
Podcast,2
Soundnode,2
Angular.js,2
optimizes,2
Reload,2
Monogatari,2
Win,2
simulate,2
pen.,2
understand,2
algorithms,2
actually,2
functions,2
writing.,2
application),2
aims,2
takes,2
better,2
react-native,2
Smart,2
downloading,2
criado,2
realizar,2
utilizando,2
Menu.,2
Kiosk,2
Electron-React,2
visit,2
mode,2
[.],2
build`,2
mode.\,2
browser.,2
may,2
Launches,2
section,2
include,2
ready,2
`eject`,2
remove,2
own.,2
don't,2
ê¸°ëŠ¥ì„,2
rich-text,2
TinyMCE.,2
Aplikasi,2
excel,2
job,2
supporting,2
exchanges,2
Golang.,2
Keybase,2
"Library,",2
"Service,",2
"X,",2
3D,2
maps,2
Upload,2
times,2
cod3r,2
"office,",2
real-time,2
Hackathon,2
interact,2
platform.,2
did,2
CHATTING,2
Uber,2
QR,2
opensource,2
productivity,2
real,2
payments,2
(with,2
delivery,2
storing,2
pixel,2
art,2
you'll,2
developing,2
(using,2
reproduction,2
translations,2
notification,2
order,2
adventure,2
Ğ¸Ğ½Ñ‚ĞµÑ€Ñ„ĞµĞ¹Ñ,2
kinds,2
purposes.,2
specialists,2
(Windows,2
Embodied,2
Plain,2
"management,",2
scale,2
"stream,",2
solution,2
"TV,",2
voice,2
helpful,2
Console,2
safe,2
pubsub,2
"features,",2
clipboard,2
synchronisation,2
does,2
ä¸€æ¬¾é¢å‘æœªæ¥çš„ç¬”è®°app,2
router,2
social,2
100%,2
scam,2
Omni,2
Proof,2
Concept,2
classroom,2
Customized,2
âš¡ï¸Electron,2
Presentation,2
infrastructure,2
ì—°ìŠµ,2
bank,2
Desenvolvimento,2
DNS,2
lite,2
shortcuts,2
"extensible,",2
power,2
languages,2
2D,2
folder,2
Docker,2
Container,2
clients,2
EV,2
Charge,2
Program.,2
VueJS,2
bootstrap.,2
department,2
exam,2
POS,2
data.,2
Stargazer,2
--,2
UNDER,2
contracts,2
another,2
merge,2
"documents,",2
app.diagrams.net,2
examples,2
JIRA,2
graph,2
farm,2
stack,2
productions,2
Room,2
account,2
tailwind,2
Command-line,2
eCash,2
"Simple,",2
chinese,2
click,2
structure,2
Casdoor,2
Survival,2
ë§Œë“¤ì–´,2
editing,2
yi,2
Helios,2
å¿«é€Ÿä¸Šæ‰‹,1
Applicatiopn,1
React.js+Electron,1
tried,1
requesting,1
GitHubAPI,1
net.,1
assist,1
InCCsight,1
Unit,1
Exchangerates,1
åŸºäºElectronçš„DayzæœåŠ¡ç«¯ç®¡ç†å·¥å…·,1
SVGs,1
â¤ï¸,1
mom.,1
"Yes,",1
literally,1
file.,1
SD,1
cards,1
USB,1
"drives,",1
safely,1
Intiface,1
(powered,1
SDK),1
fazer,1
desenhos,1
arquitetura,1
babylon,1
reference.,1
challenge,1
devChallenges.io,1
Lang-,1
verb,1
tool!,1
Lang,1
French,1
user-created,1
"sheets,",1
feibai-wallpaper,1
(demo),1
inventories,1
"index,",1
"number,",1
quantity,1
consulta,1
productos,1
mercado,1
libre,1
terner,1
tRPC+Express+ReactNative+Electron+React,1
RPC.,1
prohashing,1
rates,1
workers,1
document,1
managment,1
Gerador,1
senhas,1
me,1
æŠ€è‚²å±•2022,1
ì¸ë ¥,1
ì‚¬ë¬´ì†Œ,1
JPA,1
distributions,1
kelvin,1
desctop,1
angular14,1
#NAME?,1
20,1
ng-zorro-antd,1
14,1
regex101.com.,1
stupid,1
agents,1
randomizing,1
name.,1
dropping,1
Typescript+Webpack,1
preload,1
missing,1
ä¸­æ–‡å­—,1
ï¼ˆChinese,1
characters),1
"daemon,",1
"settings,",1
æ™ã®å°å±‹,1
reproduce,1
#14179,1
Smash,1
Brothers,1
Ultimate.,1
Electronify,1
Essa,1
tem,1
papel,1
bloco,1
notas.,1
creates,1
glassmorphism-inspired,1
cards.,1
Hub:,1
mrfakename.,1
reloading,1
self,1
parking,1
car,1
lumen,1
2016,1
tries,1
2020,1
fiz,1
earthquake,1
events,1
Iran.,1
commercial,1
satellites,1
orbit.,1
decayed.,1
missions,1
"Movuino,",1
Planet,1
pyto,1
CR,1
Funi,1
chordpro,1
(.chopro),1
antv,1
rushjs,1
"place,",1
(and,1
unofficial),1
Trending,1
lives,1
menubar.,1
æ˜“è€ƒåœ¨çº¿è€ƒè¯•ç³»ç»Ÿå‰ç«¯ï¼ŒåŸºäºVue+Electronçš„ä¸¥æ ¼åœ¨çº¿è€ƒè¯•åº”ç”¨,1
ä¸€ä¸ªæœ¬åœ°åŒ–é™æ€åšå®¢ï¼Œåº•å±‚ä½¿ç”¨hexoæˆ–vuepressè¿›è¡Œé™æ€æ–‡ä»¶ç”Ÿæˆ,1
Identity,1
æ¨¡æ‹ŸwebsocketæœåŠ¡ç«¯ä¸ºå®¢æˆ·ç«¯æ¨é€æ¶ˆæ¯,1
vue3+ts+vite+electron20,1
æœ€æœ€åŸºç¡€çš„æ¨¡æ¿æ­å»ºï¼Œæœ€ç®€å•çš„æ•™ç¨‹,1
alioss,1
todos..,1
permitirÃ¡,1
usuarios,1
reproducir,1
predicaciones,1
tanto,1
locales,1
locales.,1
æœåŠ¡æµ‹è¯•å·¥å…·,1
extension.,1
åº”ç”¨çº§,1
å¯»æ‰¾å°å¸Œå°æ¸¸æˆ,1
Context,1
TTS,1
microphone,1
cherry,1
blossom,1
IPC-based,1
"franÃ§ais,",1
faciliter,1
gestion,1
crÃ©er,1
modpacks,1
plus,1
facilement,1
aplication,1
bills,1
implementados,1
aula,1
"movies,",1
actors.,1
Front-end:,1
SCSS;,1
Backend:,1
TMDB,1
platform;,1
IDE:,1
"grid,",1
vuetify,1
FF13,1
Randomiser,1
Danny's,1
multiscale,1
high-resolution,1
multiplexed,1
bioimaging,1
Directly,1
renders,1
Zarr,1
OME-TIFF.,1
Flamenco,1
emojis,1
anywhere,1
nitro,1
"Tailwind,",1
Storybook,1
vdbwouter/electron-ava,1
Electronjs.org,1
lembrete,1
pagamento,1
contas,1
Hello,1
"greeting,",1
Rails,1
back-end,1
endpoint,1
Rails.,1
ä¸€æ¬¾åŸºäºNode.jså’ŒADBçš„å¼€å‘çš„å¤‡ä»½å·¥å…·ï¼Œæ ¹æ®ä½ çš„é…ç½®è‡ªåŠ¨å°†ç§»åŠ¨è®¾å¤‡ä¸Šçš„æ•°æ®æ–‡ä»¶è¿ç§»å¤‡ä»½è‡³ç”µè„‘,1
supersimple,1
diary,1
Styled,1
Freezer,1
CNC,1
enclosure,1
thermostat,1
ä¸Šä¼ æœ¬åœ°æˆ–è€…urlä¸­çš„å›¾ç‰‡åˆ°githubï¼Œå¯ä½œä¸ºå›¾åºŠä½¿ç”¨,1
"saga,",1
ANTD/Material-UI,1
technology.,1
phone's,1
camera,1
within,1
DIDs,1
(Decentralised,1
VCs,1
(Verifiable,1
https://jasper935.github.io/goit-react-hw-08-phone,1
PinToMind,1
Coal.,1
revived,1
name!,1
DabMark,1
Neutralino.js,1
ä½¿ç”¨electronæ„å»ºæ¡Œé¢åº”ç”¨ç¨‹åºï¼Œé€šè¿‡wmiè·å–windowsæœºå™¨é…ç½®,1
https://gitlab.com/minds/front,1
markdown-editor,1
Loki,1
Session,1
boost,1
research,1
è§†é¢‘å¤„ç†çš„æ¡Œé¢åº”ç”¨,1
displays,1
interlinear,1
format,1
"React,firebase",1
wanted,1
hit,1
WebAPI,1
"net,",1
error,1
(Uncaught,1
(in,1
promise),1
Error:,1
object,1
cloned.),1
AVG,1
sacar,1
datos,1
bien,1
somewhat,1
opinionated,1
Bitshares,1
"Orbitdb,",1
IPFS.,1
marketplace,1
BSC,1
zpl,1
epl,1
unix,1
beat-centric,1
rhythm,1
tutoring,1
learner,1
ionic,1
ElectronJS.,1
change,1
user-agent,1
Bible,1
Volta,1
Synergy/Voltaic,1
Next-level,1
academia!,1
attempting,1
thesis,1
incorporates,1
basis,1
Node-Api,1
lower,1
level,1
functionality.,1
engine-sim,1
U2FsdGVkX1+ED7dybpPSo1RkW8b1Iebc9efLwFtiJE2aqoJtdv,1
LeanGitElectron,1
Bluetooth,1
lounger,1
hello-vite,1
referente,1
ao,1
Moderno,1
vite-vue3-electron-demo,1
entrain,1
d'instaurer,1
Ğ”ĞµÑĞºÑ‚Ğ¾Ğ¿,1
ÑƒĞ¿Ñ€Ğ°Ğ²Ğ»ĞµĞ½Ğ¸Ñ,1
Ğ¿Ñ€Ğ¾Ñ†ĞµÑÑĞ°Ğ¼Ğ¸,1
ä¸€æ¬¾ä½¿ç”¨,1
æ­å»ºçš„å“”å’”æ¼«ç”»,1
å®¢æˆ·ç«¯,1
Honeycomb/Firebase,1
vue+nest+electron,1
tauri-react,1
structuring.,1
BMI,1
Crawl,1
Reviews,1
Amazon,1
https://jasper935.github.io/goit-react-hw-07-phone,1
Rhino,1
Grasshopper,1
simplify,1
whistle,1
"utools,",1
Munchkin,1
counter,1
enemies...,1
erm..,1
power.,1
alpha,1
expect,1
bugs!,1
OPG,1
Modernising,1
LPA:,1
opg-org-infra,1
systems,1
suck.,1
fixes,1
that.,1
Inspired,1
Overwatch's,1
clippy,1
ReduxToolkit,1
storage.,1
Oein's,1
Passport,1
DIDs(Decentralised,1
VCs(Verifiable,1
ipad,1
retrievability,1
(by,1
CryptoNet,1
YOMI),1
tcp,1
clientğŸš€,1
Vietnamese,1
applicant,1
imtate,1
websocket\socket.io,1
function.,1
ï¼Œabout,1
words,1
Album,1
query,1
decrypt,1
Hyperspecialized,1
paperdave,1
meant,1
understood,1
"myself,",1
webcomponents,1
RTL,1
archlinux,1
instalation,1
"qtile,",1
lightdm,1
grub.,1
Crusader,1
Kings,1
Electronã®å…¬å¼ã‚µã‚¤ãƒˆTutorialç”¨ãƒ¬ãƒã‚¸ãƒˆãƒª,1
yet,1
SQLite},1
tailor,1
å¯å®æ—¶ã€Œè·¨è®¾å¤‡åŒæ­¥å‰ªè´´æ¿ã€çš„åº”ç”¨ç¨‹åº,1
electronå­¦ä¹ å®æˆ˜ä»“åº“,1
demonstrate,1
causes,1
move,1
scaling,1
Desktop-App,1
BBZ,1
All-in-One-Plattform,1
Unterricht,1
und,1
Zusammenarbeit,1
(SchÃ¼ler:innenversion),1
electron-quick-start1,1
cure,1
depression,1
extend,1
launcher/mod,1
Rising.,1
å­¤å²›ç¬”è®°æ•°æ®åŒæ­¥å®¢æˆ·ç«¯,1
partition,1
3-parted,1
"car,",1
controlling,1
è¿™æ˜¯ä¸€ä¸ªå¯†ç æœ¬åº”ç”¨è½¯ä»¶ï¼Œä»…ä¸ºè‡ªå·±ä½¿ç”¨ã€‚é¡ºä¾¿å¼€æºï¼Œæ¬¢è¿äº¤æµã€‚,1
formats,1
"(mp4,",1
"avi,",1
mpeg).,1
3DS,1
ROM,1
"(pictures,",1
files),1
congregation,1
"JW.org,",1
Zoom,1
otherwise.,1
OpenCore,1
Folder.,1
config.plist,1
unfortunately,1
valoraciÃ³n,1
preanestÃ©sica,1
repository(electron,1
typescript).,1
synchronization,1
Forum:,1
https://discourse.joplinapp.org/,1
"configuration,",1
apps.,1
expression,1
railroad,1
ç®€æ˜“ä»0æ­å»ºelectron,1
Life.Vet,1
Labs,1
Timat,1
Character,1
Sheet,1
DND,1
5e,1
Homebrewing,1
journaling,1
conhecendo,1
provider,1
Orientation,1
site,1
"Ubuntu,Windows,Androidã§å‹•ãå®¶è¨ˆç°¿ã‚¢ãƒ—ãƒªãŒã§ãã‚‹äºˆå®šã§ã™",1
Northern,1
Ireland,1
industry,1
compiler,1
freeware,1
mind.,1
cast,1
Farcaster,1
"ä¸æ¨èä½¿ç”¨,",1
çº¯æµ‹è¯•(only,1
test),1
playlist's.,1
controllers,1
PreSonus,1
StudioLive,1
III,1
Mixers,1
onde,1
guardarei,1
alguns,1
peguenos,1
utilizarei,1
esturar,1
NextJ,1
vue3+vite,1
æ—¶é—´å±å¹•,1
judging,1
"system,",1
locally.,1
White,1
labelled,1
Oky,1
period,1
FIRE,1
HYDRANY,1
AMARARAJA,1
Type-safe,1
inter-process,1
LAAS,1
LOST,1
ARK,1
Accessory,1
",desktop",1
whatsapp.,1
listening,1
pet,1
compression,1
è§£æ/åˆ†æ,1
webapp,1
12th,1
percentage,1
ë©‹ìŸì´ì‚¬ìì²˜ëŸ¼,1
ë§ˆì¼“,1
ë§Œë“¤ê¸°,1
ì‹¤ìŠµìš©,1
sort,1
ported,1
TypeWriter,1
envoirment,1
VSNovel,1
devEngine,1
relevant,1
Visualizer.,1
multi-window,1
"web-browser,",1
nothing,1
fancy,1
Interplanetary,1
Database:,1
çº¸ä¸Šå¾—æ¥ç»ˆè§‰æµ…ï¼Œç»çŸ¥æ­¤äº‹è¦èº¬è¡Œã€‚,1
WEAVV,1
HacKingPro,1
Hack,1
JupyterLab,1
Chamados,1
builder.,1
é¡¹ç›®æ¨¡æ¿,1
electron-quick-start-typescript,1
Quran,1
Pulls,1
generated,1
captions,1
Full-Stack,1
e-commerce,1
Finally.,1
worthy,1
redis,1
care,1
acessibility-first,1
ecom,1
admins,1
anonymous,1
notetaking,1
Microstream,1
Tuya,1
LED,1
strip,1
two-player,1
noughts,1
crosses,1
å¤ç±æ ¡å¯¹çš„å·¥å…·,1
svelteit,1
å‰ç«¯çŸ¥è¯†å­¦ä¹ ,1
deliberately,1
vulnerable,1
environment.,1
security,1
challenges.,1
light-weight,1
audit,1
codebases,1
license,1
compliance.,1
scanning,1
osskb.org.,1
representing,1
community.,1
scan,1
contain,1
matches,1
(full,1
snippet),1
scanned,1
Industrial,1
SCADA,1
Kafka,1
pentester,1
OpenAI.,1
Jar,1
box,1
"musicians,",1
"learners,",1
"streamers,",1
route,1
"devices,",1
piano,1
chords,1
"playing,",1
stream.,1
VK,1
shop,1
able,1
invoices,1
analytic,1
reports.,1
ä¸€å€‹ç°¡å–®çš„electronå°ç¨‹å¼ï¼Œç”¨ä¾†åˆä½µå¤§é‡csv,1
Framlin,1
Postit,1
Publish,1
Ilse,1
Langnar's,1
"Notebook,",1
Material,1
others.,1
sql.js.,1
ä¸€æ¬¾åŸºäºæœ¬åœ°çš„ç¬”è®°è½¯ä»¶,1
jquery,1
DITCode,1
Web.Application,1
myCali.app,1
arterial,1
spin,1
labeling,1
(ASL),1
ç¨‹åºå‘˜æ—¥å¸¸ä½¿ç”¨çš„å·¥å…·é›†åˆ(ç½‘é¡µç‰ˆ).,1
"Jsonè½¬Bean,",1
"Jsonè½¬JsonSchema,",1
...,1
dirigidas,1
aquellos,1
negocios,1
"cocina,",1
se,1
busca,1
comunicaciÃ³n,1
entre,1
vendedor,1
cocinero,1
sea,1
rapida,1
ademas,1
efectiva,1
unusual,1
Divine,1
Voxel,1
Engine.,1
â˜•.,1
electron-prisma-template,1
Spotifyë°ìŠ¤í¬íƒ‘ì•±ì—ì„œ,1
ë…¸ë˜ë¥¼,1
ì¬ìƒí•˜ë©´,1
alsongì„œë²„ì˜,1
ê°€ì‚¬ë¥¼,1
í™”ë©´ì—,1
ê·¸ë ¤ì¤ë‹ˆë‹¤.,1
Retro,1
VT,1
text-based,1
subscriptions.,1
å¦‚æ„è™å¤´é‹,1
ë¡œìŠ¤íŠ¸ì•„í¬,1
ì¥ì‹ êµ¬,1
Asynchronous,1
Botnet,1
Denial,1
(DDoS),1
LNK,1
âš›ï¸,1
(Next.js,1
checkouts,1
soundboard,1
similar,1
"Voicemod,",1
free!,1
WYSIWYG,1
Timesheet,1
(Angular/Electron),1
Sage,1
Marvelous,1
Endless,1
Evidence-Based,1
To-Dos,1
Deeeep.io,1
WebXR,1
Pritunl,1
OpenVPN,1
ĞœĞµĞ½ĞµĞ´Ğ¶ĞµÑ€,1
Ğ¿Ğ°Ñ€Ğ¾Ğ»ĞµĞ¹,1
å¼€å‘è€…è¾¹è½¦ï¼Œgithubæ‰“ä¸å¼€ï¼ŒgithubåŠ é€Ÿï¼Œgit,1
cloneåŠ é€Ÿï¼Œgit,1
releaseä¸‹è½½åŠ é€Ÿï¼ŒstackoverflowåŠ é€Ÿ,1
print-win,1
æˆ‘çš„ç¬¬ä¸€ä¸ªelectroné¡¹ç›®,1
https://youtu.be/gxBis8EgoAg,1
sql.js,1
threejs,1
text.,1
Experimantal,1
Alt1,1
BushBot,1
moderation,1
Moulberry's,1
Bush.,1
AirGap,1
installed,1
everyday,1
smartphone.,1
friends.,1
aplicaÃ§Ãµes,1
"civil,",1
nas,1
Ã¡reas,1
mecÃ¢nica,1
"estrutural,",1
sistemas,1
estruturais,1
geotecnia,1
sneaker,1
inventory.,1
leitura,1
static,1
menubar,1
Nouveau,1
Empisurvie,1
Proxigames,1
:teacher:,1
QuizUTFPR,1
desenvolvido,1
sob,1
orientaÃ§Ã£o,1
dos,1
"professores,",1
Juliano,1
Henrique,1
Foleis,1
Marcos,1
Silvano,1
Almeida.,1
"quizzes,",1
bem,1
como,1
mÃ³vel,1
possam,1
acessÃ¡-los,1
respondÃª-los.,1
AlÃ©m,1
"disso,",1
possui,1
seÃ§Ã£o,1
anÃ¡lise,1
repostas,1
algumas,1
opÃ§Ãµes,1
filtragem,1
informaÃ§Ãµes.,1
Stardew,1
Valley,1
"Vortex,",1
expanded,1
converted,1
filecoin,1
nyc,1
draw,1
graphically,1
teaching,1
Angular.,1
(stopwatch),1
Xenon,1
Christa,1
McAullife,1
Space,1
Center.,1
æ–‡ä»¶å·®å¼‚æ¯”è¾ƒå™¨,1
Controls,1
electron-terminal-js,1
child_processes,1
https://jasper935.github.io/goit-react-hw-06-phone,1
shadow-cljs,1
Multi,1
DLmeta.,1
journals,1
pc!,1
Agencement,1
formation,1
TÃ©lÃ©com,1
nancy.,1
ableton,1
.asd,1
select.,1
ä¸€ä¸ªå‰ç«¯å¼€å‘äººå‘˜ä¸åŒé˜¶æ®µçš„å­¦ä¹ èµ„æ–™è®°å½•,1
tagging,1
clips,1
"order,",1
below,1
minimum,1
notifications.,1
electron-vite-template,1
"ä¸»è¿›ç¨‹ä½¿ç”¨rollup,æ¸²æŸ“è¿›ç¨‹ä½¿ç”¨",1
"ç¼–è¯‘çš„ä¸€ä¸ªelectroné¡¹ç›®æ¨¡æ¿,é€‚ç”¨äº",1
ç­‰ä»»ä½•æ¡†æ¶.,1
"å¯ä»¥æ‰“åŒ…æˆwindow,",1
"liunx,",1
"ç­‰ç³»ç»Ÿçš„å®‰è£…åŒ…,å‡å°‘é¡¹ç›®åˆæœŸæ„å»ºå·¥ä½œ,",1
æé«˜å·¥ä½œæ•ˆç‡ã€‚,1
distribution,1
warehouses,1
invoice.,1
pindex,1
æºæµæ˜¯ä¸€æ¬¾å¼€æºè·¨å¹³å°çš„åŸå‹è®¾è®¡å·¥å…·ï¼Œç›®å‰ä»¥è®¾è®¡æ¡Œé¢åŸå‹ä¸ºä¸»ã€‚,1
ç§‰æ‰¿â€œè®¾è®¡å³å¼€å‘â€çš„å®—æ—¨ï¼Œè®©è®¾è®¡è·Ÿæ¥è¿‘äº§å“ã€‚,1
livestream,1
streams,1
gamejam,1
ì¼ë ‰íŠ¸ë¡ ,1
ìŠ¤í„°ë””,1
Hacker's,1
laboratory,1
"SWE,",1
"cloud,",1
DevSecOps.,1
nixpkgs,1
mob,1
protoype,1
"""Guess",1
"melody""",1
Recoil.,1
Recoil,1
webpage.,1
LiSA,1
Electron;,1
clarity,1
launching,1
(avd),1
Studio.,1
opens,1
Counterparty,1
dispenser,1
remix-electron,1
(github.com/itsMapleLeaf/remix-electron),1
playwrightë¥¼,1
í™œìš©í•œ,1
ìë™í™”,1
ë°ìŠ¤í¬íƒ‘,1
ì–´í”Œë¦¬ì¼€ì´ì…˜,1
daw-sequencer-sampler,1
"open,",1
Proximity,1
"privacy-first,",1
collaboration.,1
link:,1
"https://github.com/logseq/logseq/releases,",1
roadmap:,1
https://trello.com/b/8txSM12G/roadmap,1
browsers,1
Popular,1
minesweeper,1
vi,1
motions.,1
todolist,1
"vue3,",1
ç®€å•çš„ä¸€ä¸ªæ—¥ç¨‹å’Œtodoæ¸…å•è½¯ä»¶ï¼Œç”¨vue3å†™çš„ï¼Œç”¨vueçš„electron-builderæ’ä»¶æ‰“åŒ…,1
ì‚¬ë¬´ì§,1
ì—…ë¬´íˆ´,1
Softuni,1
zyf's,1
kaba-electron-rpc,1
"cbz,",1
course;,1
https://www.udemy.com/course/master-electron/,1
electron-React-ts,1
Thai,1
ID,1
ç”¨vue3+elementPlus+viteæ­å»ºçš„electronæ¡Œé¢ç«¯åº”ç”¨æ¨¡æ¿ï¼Œæ–¹ä¾¿å¿«é€Ÿåˆ›å»ºç±»ä¼¼é¡¹,1
åŸºäºelectron-react-boilerplateæ‰©å±•çš„åˆå§‹åŒ–å·¥ç¨‹é¡¹ç›®ã€‚,1
åœ¨åŸæœ¬åŸºç¡€ä¸Šæ‰©å±•lessã€antd,1
åŸºäºelectron-react-boilerplateå¹¶ä½¿ç”¨,1
electrronBot,1
ç´ æåˆ¶ä½œçš„ç®€æ˜“æ¡Œå® ,1
"sudoku,",1
solve,1
players,1
F1,1
22,1
Dummy,1
Crypto.com,1
Chain,1
ĞŸÑ€Ğ¸Ğ¼ĞµÑ€,1
Ğ¿Ñ€Ğ¸Ğ»Ğ¾Ğ¶ĞµĞ½Ğ¸Ñ,1
Ğ¸ÑĞ¿Ğ¾Ğ»ÑŒĞ·ÑƒÑÑ‰ĞµĞ³Ğ¾,1
Ğ¯Ğ½Ğ´ĞµĞºÑ,1
OAuth,1
Ğ¸ÑĞ¿Ğ¾Ğ»ÑŒĞ·Ğ¾Ğ²Ğ°Ğ½Ğ¸ĞµĞ¼,1
ESlint,1
Prettier,1
initial,1
å­¦ä¹ æ¡Œé¢ç«¯çš„ä¸€äº›çŸ¥è¯†,1
close,1
passage,1
SAD,1
Tamanu's,1
FlipStickes,1
sticky,1
Ordering,1
Escobar,1
Email,1
phone,1
VMG,1
Smart-Mirror-CN,1
æ›´é€‚åˆå›½å†…ä½¿ç”¨çš„ä¿¡æ¯å±,1
SheetJS,1
Anistick,1
LVM,1
Platzi,1
school,1
realizado,1
por,1
equipes,1
disciplinas,1
MDS,1
"REQ,",1
"Software,",1
UnB.,1
outils,1
Ahmed,1
(B)asic,1
(MA)neuver,1
(N)otator,1
(BMAN),1
drill,1
charts.,1
ğŸ’‚ğŸ¥,1
Recreating,1
bookmark,1
yay,1
Strapi,1
v4,1
G:\Projekte\Organisation,1
express,1
ç”¨viteå¼€å‘electron,1
PepeNude,1
transform,1
entertaining,1
results.,1
available.,1
heatmap_tools_for_electron,1
stack-analyze,1
delta,1
åŸºäºchimera||koa2æ­å»ºçš„electroné¡¹ç›®,1
pdf.js,1
vue3+ts+express,1
non,1
"template,",1
configurations,1
done,1
scratch,1
customizable.,1
stable,1
release!,1
webpack-cli,1
working.,1
Travel,1
Agency,1
Flashcard,1
Revision,1
web-browser...........,1
Sandbox,1
story,1
Electron/Express.Js,1
Socket.io,1
Second,1
(Time,1
shot,1
activity),1
accessed,1
throw,1
DHS,1
revise...Computing,1
Execute,1
hash,1
checker.,1
injection,1
automatize,1
"backup,",1
no-hit,1
runners.,1
HelloWorld,1
flexibly,1
meowing,1
ejecutable,1
instaladores,1
(GalerÃ­a,1
posibilidad,1
carrusel,1
respectivas,1
diapositivas,1
si,1
agrego,1
mas,1
responsiva),1
Mano,1
electron/xterm.js/vue/typescript,1
Steelseries,1
Apex,1
Keyboards,1
"Minimal,",1
WASM-light-client-bundled,1
Substrate,1
transfers,1
å…±æœ‰ç”¨,1
Patrick,1
Powell's,1
featuring,1
frictionless,1
link-based,1
multiplayer.,1
today!,1
monorepository,1
nx.,1
been,1
showned,1
nav,1
contacts,1
seemlessly,1
"""native-app",1
"like""",1
experience.,1
stores,1
appData,1
hence,1
even,1
offline.,1
farmaceuticos,1
calcularem,1
dosagens,1
medicamentos,1
manipulaveis,1
Requester,1
APIs.,1
Narrat,1
electron-boot,1
courses,1
"Udemy,",1
"Cod3r,",1
harvard,1
(cs50x),1
citadef.eth,1
portable,1
CyberChef,1
Leaderboard,1
#100devs,1
Codewars.,1
"MongoDB,",1
ExpressJS,1
Analyzer,1
FastAPI,1
react-js,1
orbit-db,1
Gatsby,1
gerir,1
horarios,1
da,1
Etec,1
actualized,1
"Golang,",1
programmed,1
Pokemon,1
pokemons.,1
printing,1
thermal,1
labels,1
protocole,1
permite,1
logar,1
ou,1
apresenta,1
seleÃ§Ã£o,1
desenvolvida,1
pelo,1
usuario.,1
Radicle.,1
touch,1
electronç»ƒä¹ ,1
2,1
August,1
Color,1
Trilium,1
æ˜¯ä¸€ä¸ªåˆ†å±‚ç¬”è®°åº”ç”¨ç¨‹åºï¼Œä¸“æ³¨äºæ„å»ºå¤§å‹ä¸ªäººçŸ¥è¯†åº“ï¼ŒTrilium,1
ä»¥æ¡Œé¢åº”ç”¨ç¨‹åºï¼ˆLinux,1
Windowsï¼‰æˆ–æ‰˜ç®¡åœ¨æ‚¨çš„æœåŠ¡å™¨ä¸Šçš„,1
åº”ç”¨ç¨‹åº,1
(Linux),1
çš„å½¢å¼æä¾›ã€‚,1
grabs,1
prices,1
sites,1
vscode,1
aaaa,1
tugas,1
pbkk,1
PuCodeæ–‡å­—éŠæˆ²å¼•æ“ã€‚,1
mesjid,1
typescriptä¾èµ–æ³¨å…¥,1
å¨±ä¹æ•ˆç‡ï¼Œæ‡’äººå¿…å¤‡ï¼ˆå¼€å‘ä¸­ï¼‰,1
audio-visualizer,1
Hopeã®ãƒãƒƒãƒ—ã‚’ä½œæˆã—ã¾ã™ã€‚,1
fitness's,1
desk,1
voice.,1
OrbitNX,1
payload,1
"injector,",1
(Rewrite,1
development!),1
Expense,1
perhaps-foliage,1
Internet,1
Scrap,1
iamge,1
rersizing,1
validar,1
dados,1
duplicados,1
arquivos,1
txt,1
External,1
Een,1
oplossing,1
om,1
geautomatiseerd,1
(met,1
Puppeteer),1
karma,1
te,1
farmen,1
op,1
Reddit.,1
:heart:,1
Smash-Or-Pass,1
recommend,1
waifus,1
Doesn't,1
MetaWeather,1
down,1
(https://www.metaweather.com/).,1
codebase,1
https://github.com/adatta93/weather-app,1
webapp:,1
morse-code,1
notebook,1
autoupdate,1
dÅjÅ,1
Filmmakers,1
x42,1
(code,1
packaged),1
feature-rich,1
Azur,1
Lane,1
(CN/EN/JP/TW),1
ç¢§è“èˆªçº¿è„šæœ¬,1
æ— ç¼å§”æ‰˜ç§‘ç ”ï¼Œå…¨è‡ªåŠ¨å¤§ä¸–ç•Œ,1
"GDMod,",1
HTML.,1
HyperVault,1
full-offline,1
AES256,1
encryption.,1
provides,1
guarantee,1
safety,1
OpenLive3d,1
å…‰ä¹‹æ¼”å¥å®¶,1
è·¨å¹³å°æ¡Œé¢ç‰ˆ,1
UFJF,1
Electron-Angular,1
ì—°ì„¸ëŒ€í•™êµ,1
ê³µê°„ëŒ€ê´€ì‹œìŠ¤í…œ,1
ìŠ¤í¬ë˜í¼,1
Count-Up,1
minutes,1
seconds,1
Bacnet,1
"explorer,",1
hobbyists,1
professionals,1
Mazda,1
cars,1
added,1
manuals.,1
expenses,1
economy.,1
Facebook,1
CATcher,1
peer-testing,1
âš’ï¸â›“ï¸,1
ğŸ”—âš’ï¸,1
ams,1
AS726x,1
sensor,1
"content,",1
rules.,1
Consensus,1
Electron_demo,1
å‘½ä»¤è¡Œæ‰¹å¤„ç†å™¨,1
Validates,1
(checks,1
"(404,",1
503,1
etc)),1
Bin,1
waste,1
reclamation,1
communities,1
would,1
otherwise,1
filling,1
holes,1
earth,1
choking,1
dolphins,1
--sadface!,1
WIP/learning,1
connecting,1
pursuits,1
dynamic,1
artwork.,1
åŸç”Ÿç‰ˆ,1
Portal,1
finding,1
deals,1
market.,1
well.,1
MEAN.,1
Repuls.io,1
extract,1
compressed,1
"(rar,",1
"zip),",1
"thumbnail,",1
gallery,1
list.,1
Compose,1
plaintext,1
gerar,1
legendas,1
automaticamente,1
providing,1
recordings.,1
Finder,1
thumbnails/clips,1
miniatures.,1
Canvas,1
Three,1
progress...,1
item,1
searches,1
instant,1
offers,1
leaving,1
luach,1
shul,1
diabetic,1
notified,1
Sencilla,1
mostrar,1
crear,1
tareas,1
"Angular,",1
Aaron,1
Brenner,1
"integration,",1
self-hosted,1
note-taking.,1
Electron-Vite-Vue,1
pokedex,1
electonJS,1
ã©ã“ã§ã‚‚ã‚ˆãè¦‹ã‚‹ãƒ‰ã‚­ãƒ¥ãƒ¡ãƒ³ãƒˆã‚’ç¢ºèªã™ã‚‹ãƒ„ãƒ¼ãƒ«,1
Colubrina,1
"Vuetify,",1
"NodeJS,",1
Socket.io.,1
Kinect,1
args,1
vueç‰ˆ,1
ĞŸĞ¾Ğ¿Ñ‹Ñ‚ĞºĞ°,1
Ğ¾Ñ‚ÑĞ¾Ñ€Ñ‚Ğ¸Ñ€Ğ¾Ğ²Ğ°Ñ‚ÑŒ,1
ÑÑ‚Ñ€Ğ¸Ğ¼Ğ¸Ñ‚ÑŒ,1
Ğ¼ÑƒĞ·Ñ‹ĞºÑƒ,1
ÑƒĞ´Ğ¾Ğ±Ğ½Ğ¾Ğ¼,1
Ğ²Ğ¸Ğ´Ğµ,1
ä¸€ä¸ªåŸºäº,1
çš„æ¡Œé¢ç«¯é©¾é©¶èˆ±ç®¡ç†è½¯ä»¶,1
node-visual-scripting-editor-blueprint,1
persistent,1
Boo,1
"Fast,",1
servo,1
day,1
world.,1
wave,1
function,1
collapse,1
algorithm,1
"cryptography,",1
encouraging,1
pros,1
operations,1
workflows.,1
operation,1
database.,1
db2,1
RAT,1
å¯ä»¥è®¾ç½®ä¸‹ç­åæ’­æ”¾éŸ³ä¹ç„¶åå…³æœº,1
Dragon,1
Ball,1
FighterZ,1
ì„œìš¸ëŒ€,1
ê°•ì˜í‰ê°€,1
ì›í´ë¦­,1
ì•±.,1
(ì—ë¸Œë¦¬íƒ€ì„,1
ìŠ¤ëˆ„ë¼ì´í”„,1
ì§€ì›),1
"è„šæœ¬çŒ«,ä¸€ä¸ªå¯ä»¥æ‰§è¡Œç”¨æˆ·è„šæœ¬çš„æµè§ˆå™¨æ‰©å±•,ä¸‡ç‰©çš†å¯è„šæœ¬åŒ–,è®©ä½ çš„æµè§ˆå™¨å¯ä»¥åšæ›´å¤šçš„äº‹æƒ…!",1
ãƒ–ãƒ©ã‚¦ã‚¶ã‹ã‚‰ãƒ­ãƒ¼ã‚«ãƒ«ãƒ•ã‚¡ã‚¤ãƒ«ã‚„ãƒ•ã‚©ãƒ«ãƒ€ã‚’ã‚ªãƒ¼ãƒ—ãƒ³ã™ã‚‹ãŸã‚ã®ãƒãƒƒã‚¯ã‚°ãƒ©ã‚¦ãƒ³ãƒ‰ã‚µãƒ¼ãƒãƒ¼,1
dont,1
å€‹äººé–‹ç™ºã®ç·´ç¿’ç”¨ãƒªãƒã‚¸ãƒˆãƒª,1
aurora,1
Project.ã«ã‚ˆã‚‹ãƒã‚¤ãƒŠãƒ¼ãƒ–ãƒ©ã‚¦ã‚¶é–“ã®ç§»è¡Œæ”¯æ´ãƒ„ãƒ¼ãƒ«ã€‚,1
ElectronWebBrowser,1
1st,1
GrenadeHelper,1
compressing,1
decompressing,1
typed,1
arrays.,1
(aka,1
CFS),1
kanban,1
board,1
nuke,1
ä½¿ç”¨ç½‘é¡µå°±å¯ä»¥è½»æ¾å¤‡ä»½é­…æ—äº‘ç›¸å†Œçš„å›¾ç‰‡,1
saves,1
Nintendo,1
emulators,1
Emusak,1
ä¸ªäººå¯¹React+Electron+TypeScripté¡¹ç›®æ¨¡æ¿çš„æ‘¸ç´¢,1
player:,1
"-pause,",1
wanna,1
tauri,1
more!,1
Vinted,1
feita,1
plugins.,1
(You,1
app),1
Lib,1
Studio-Kometubuã®ãŸã‚ã®ã‚«ã‚¹ã‚¿ãƒ MinecraftModãƒ©ãƒ³ãƒãƒ£ãƒ¼,1
Etherspay,1
"workspace,",1
"Qt,",1
vue3+vite+electron+nodeæ¡Œé¢åº”ç”¨,1
Lens,1
Kubernetes,1
calories,1
Cash,1
schedule,1
each,1
other.,1
two,1
parts,1
Scheduler:,1
"First,",1
sets,1
details:,1
"location,",1
"duration,",1
recurrence.,1
conflicts,1
real-time.,1
lastly,1
link,1
invite,1
attendees,1
finished,1
setup.,1
"Second,",1
slots,1
confirm,1
meeting.,1
currently,1
providers,1
Kloudless,1
API:,1
2016+,1
CalDAV.,1
ELECTRON-JS,1
(Under,1
Development),1
PeerJS,1
4,1
Vita,1
QMaker,1
questionnaires,1
presentations,1
MD,1
(Markdown),1
"Vite,",1
6,1
Remark.,1
along,1
Factionsbot,1
https://www.factionbots.com/,1
https://tkachmaxim.github.io/goit-react-hw-08-phon,1
Jogo,1
treinar,1
conhecimentos,1
tabuada,1
packaging,1
https://github.com/Farigh/pokeclicker-automation,1
established,1
Monitors,1
Diogenes:,1
Latin,1
Greek,1
pjheslin's,1
"Router,",1
configure,1
options,1
QMK,1
boards,1
svelte.,1
frontend-maven-plugin,1
Backbone,1
television,1
quick-qui,1
host,1
app-frame,1
ä¸€é”®ç”Ÿè‰,1
"(Windows,",1
Linux).,1
scoop.,1
Agora-fpe-sample,1
ZCAM,1
E2,1
Mist.,1
Ãapps,1
network.,1
ä¸€ä¸ªä½¿ç”¨,1
ç¼–å†™çš„,1
OCR,1
æ–‡å­—è¯†åˆ«,1
ç¿»è¯‘çš„ç¨‹åº,1
Svelte+Electron,1
bulk,1
Twilio,1
redirect,1
MarkStudio,1
prisma,1
electron-vue-vite,1
https://tkachmaxim.github.io/goit-react-hw-07-phon,1
éšä¾¿å¡«ä¸€ä¸ªï¼Œè„¸æ»šé”®ç›˜ä¹Ÿå¯ä»¥doge,1
too,1
my.troy.edu!,1
off,1
Troy,1
(Current,1
Version:,1
V0.2),1
"(HTML,",1
Javascript),1
scrcpy.,1
QQç¾¤:734330215,1
extendible,1
"terminal,",1
back,1
Weathertest,1
contiene,1
fuente,1
durante,1
periodo,1
estadÃ­as,1
nivel,1
TSU,1
empresa,1
NG,1
CUSTOMS,1
S.C,1
(NADGLOBAL).,1
modulo,1
es,1
Soporte,1
Facturas.,1
honestly,1
Withered,1
ficciÃ³n,1
interactiva,1
Cool,1
saver,1
https://tkachmaxim.github.io/goit-react-hw-06-phon,1
drops,1
farmer,1
Bae,1
SeongHyeon,1
Finnish,1
cases,1
mpv,1
passwork,1
book,1
client-side,1
ether,1
"wallets,",1
handling,1
ERC-20,1
"tokens,",1
Specification,1
todoist.,1
Monster,1
Hunter,1
Rise,1
FirstNative,1
administer,1
MQTT,1
discovery,1
Tasmota/Sonoff,1
ZB,1
Bridge,1
"Firebase,nextron.jsë¥¼",1
í™œìš©í•˜ì—¬,1
ì¼ëŒ€ë‹¤,1
ë¼ì´ë¸Œì±„íŒ…,1
êµ¬í˜„í•˜ê¸°,1
stopwatch,1
"auth,",1
firestore,1
hooks,1
ì±„íŒ…,1
"assistant,",1
helping,1
"life,",1
element-ui.You,1
"diary,can",1
expand,1
"script,",1
execution,1
crawlers,1
on.,1
:star2:,1
:partying_face:,1
:computer:,1
:desktop_computer:,1
instantly,1
:zap:,1
few,1
:computer_mouse:,1
ä¸€ä¸ªå…è´¹çš„å›¾åºŠå®¢æˆ·ç«¯,1
YesPlayMusic,1
ç½‘æ˜“äº‘TVç”µè§†ç‰ˆã€‚Bugè¿˜æ¯”è¾ƒå¤šï¼Œæ…¢æ…¢ä¿®~,1
Matrix.,1
decision-making,1
distinction,1
"urgent,",1
urgent.,1
splits,1
four,1
boxes,1
prioritize,1
delegate,1
MSC,1
Sakai,1
PDFMarker,1
suivre,1
ses,1
å¾®è½¯è¯­éŸ³åˆæˆå·¥å…·ï¼Œä½¿ç”¨,1
æ„å»ºã€‚,1
diagrams.net,1
CircuitTikz,1
electrical,1
circuits.,1
"2D,",1
"3D,",1
"animation,",1
"physics,",1
glTF.,1
æ–°ç•ªè®¢é˜…åŠ©æ‰‹,1
Vue+Electron+Go,1
å®ç°çš„å¤šäººèŠå¤©å®¤æ¡Œé¢åº”ç”¨,1
Gestionnaire,1
ludothÃ¨que,1
tbvjaos510ì˜,1
DesktopCalendarë¥¼,1
Cloneí•˜ì˜€ìŠµë‹ˆë‹¤.,1
Calendarì„,1
ì—°ë™í•˜ì—¬,1
ë°”íƒ•í™”ë©´ì—,1
ë‹¬ë ¥ê³¼,1
ì‹œê°„,1
ê¸°íƒ€,1
ë°ì´í„°ë¥¼,1
í‘œì‹œí•˜ëŠ”,1
í”„ë¡œê·¸ë¨ì…ë‹ˆë‹¤.,1
(created,1
Graphcool),1
umi5,1
nunjucks,1
ì±„íŒ…ì–´í”Œ,1
test-app,1
Sauce,1
Zwiftâ„¢,1
sonixd,1
hotkeys,1
Twine,1
higher,1
resolution,1
items.,1
fuck,1
Fundamentos,1
Platzi.,1
uploading,1
Allen,1
Science's,1
internal,1
(FMS).,1
Imdb,1
scraping,1
retrieve,1
Comparing,1
Big,1
CloudFormation,1
Troposphere,1
AWS,1
resources.,1
vod,1
viewing,1
FIXYL,1
verifying,1
protocol.,1
casts,1
votes,1
contestants,1
eliminated.,1
aggregator,1
DProject.Imoveis,1
calculation,1
editors,1
environments,1
carbon,1
script.,1
monaco-editor,1
vscode..,1
ä¿®æ”¹ç”µè„‘çš„ipå’Œdnsè®¾ç½®,1
è¿™æ˜¯ä¸€æ¬¾ç®€å•çš„å®šæ—¶QQç¾¤å‘å·¥å…·ï¼Œæ˜¯BBbot,1
Açš„è¡ä¼¸,1
ç„¡æ–™ã§ä½¿ãˆã‚‹ä¸­å“è³ªãªãƒ†ã‚­ã‚¹ãƒˆèª­ã¿ä¸Šã’ã‚½ãƒ•ãƒˆã‚¦ã‚§ã‚¢ã€VOICEVOXã®ã‚¨ãƒ‡ã‚£ã‚¿ãƒ¼,1
speedrunning,1
casual,1
usage.,1
copies,1
directories,1
cut-for-captcha,1
Gramophone,1
thats,1
(Flask),1
PremiÃ¨re,1
avec,1
Promotion,1
Puzzleã€Œãƒ‘ã‚ºãƒ«ã€ã€Œæ‹¼å›¾ã€,1
é›¶å”®å®2022,1
ï¼ˆæ¡Œé¢å®¢æˆ·ç«¯ï¼‰,1
faithful,1
recreation,1
TS3,1
tRPC,1
Beta,1
Sign,1
GZDoom,1
doom,1
specifically,1
Deck,1
shrinking,1
Election,1
Zcash,1
wish,1
multiplications,1
reactç‰ˆ,1
DiseÃ±o,1
Heladeria,1
Reset,1
LDAP,1
user's,1
click.,1
åå°ç®¡ç†ç³»ç»Ÿ,1
thoughts!,1
"Twine,",1
"SugarCube2,",1
Tweego,1
workflow.,1
pourposes,1
rule,1
dark,1
"theme,",1
bind,1
neural,1
"network,",1
Administration,1
DJ,1
suggesting,1
harmonic,1
mixing,1
Traktor,1
Instruments),1
deezer's,1
"spleeter,",1
separating,1
vocals,1
instruments,1
song.,1
separation,1
flow,1
Getstream.io,1
"YouTube,",1
Spotify,1
MP3,1
tags,1
"(title,",1
"artist,",1
"genre,",1
"cover,",1
lyrics...),1
wavepot,1
Drive,1
translator,1
SNES,1
Desert,1
Strike.,1
"baccarat,",1
idle,1
clicker,1
oranges,1
Scheduling,1
Integrador,1
JGR.GG,1
Preact,1
U2FsdGVkX19ug9wqma4OqdLlhfpe4QFtKlQXHD2quMX/JuUWbz,1
implement,1
SyncProtocol,1
asignaciÃ³n,1
Dispositivos,1
MÃ³viles,1
Astro,1
"titlebar,",1
"Webpack5,",1
é˜…è¯»å™¨,1
Local/Web,1
2.0.2.,1
servers.,1
æ§åˆ¶å°çš„é¡¹ç›®,1
Shadowsocks,1
really,1
teach,1
anyoneâ€™s,1
actual,1
much,1
overlays.,1
"pen,",1
miniature,1
optical,1
"lens,",1
locating,1
"sensor,",1
circuitry,1
necessary,1
perform,1
ç®€æ˜“åŠ¨æ€å£çº¸electronç‰ˆ,1
keybinds,1
launchpad,1
DApp(WEB3),1
Solidity,1
C++/electron,1
multi-user,1
operator,1
(Study,1
AdoPet,1
mediate,1
animal,1
adopters,1
NGOs,1
animals,1
street.,1
shot.,1
Cesar,1
Gomez,1
Aguilera,1
âŒâ—§-â—§,1
è‡ªç”¨å·¥å…·,1
DoToday:,1
Simply,1
crawler,1
choice,1
book-mark-electron,1
TBD.,1
rewrite,1
https://github.com/jeffvli/sonixd.,1
AudiobookSync,1
Three0,1
minmimal,1
svelte-typescript-tailwindcss,1
hot-reloading,1
formatting.,1
effort,1
Medical,1
Physics,1
transparent,1
peer,1
distribution.,1
science.,1
audiobooks,1
wanandroid.com,1
installable,1
Lumity,1
chains.,1
ativos,1
Proyectos,1
aplicaciones,1
creados,1
partir,1
Vue.js.,1
Idea,1
together.,1
sports,1
TÃ³picos,1
Avanzados,1
IngenierÃ­a,1
Hey!,1
fragment,1
IoT,1
dorm,1
prÃ¡ctica,1
reproduciendo,1
juego,1
"Minesweeper,",1
tratar,1
arrays,1
"bidimensionales,",1
"LocalStorage,",1
funciones,1
recursivas,1
mÃ©todo,1
setInterval.,1
Renderiza,1
webMail,1
arba,1
mostra,1
temperatura,1
atual,1
determinada,1
"cidade,",1
administrate,1
websites.,1
`Author:,1
Mostafa,1
Mahmoud,1
El-sherbiniy`.\,1
[https://elsherbiniy.com](https://elsherbiniy.com),1
##,1
"directory,",1
run:,1
run-electron`,1
electron-app,1
build-electron`,1
`Windows:,1
[.exe],1
`Linux:,1
`MacOS:,1
sure,1
react-app.,1
start`,1
react-app,1
[http://localhost:3000](http://localhost:3000),1
changes.\,1
lint,1
console.,1
test`,1
runner,1
[running,1
tests](https://facebook.github.io/create-react-app,1
Builds,1
`build`,1
folder.\,1
correctly,1
bundles,1
performance.,1
minified,1
filenames,1
hashes.\,1
deployed!,1
[deployment](https://facebook.github.io/create-rea,1
eject`,1
**Note:,1
one-way,1
operation.,1
Once,1
"`eject`,",1
can't,1
back!**,1
aren't,1
satisfied,1
"choices,",1
dependency,1
"Instead,",1
transitive,1
dependencies,1
"(webpack,",1
"Babel,",1
"ESLint,",1
etc),1
right,1
except,1
copied,1
tweak,1
you're,1
`eject`.,1
curated,1
suitable,1
middle,1
"deployments,",1
shouldn't,1
feel,1
obligated,1
feature.,1
However,1
wouldn't,1
couldn't,1
customize,1
ë‹¤ì–‘í•œ,1
ì›Œí¬ìŠ¤í˜ì´ìŠ¤ë¥¼,1
ì €ì¥í•˜ê³ ,1
ë¶ˆëŸ¬ì˜¬,1
ìˆëŠ”,1
ì œê³µí•˜ëŠ”,1
ì•±ì…ë‹ˆë‹¤.,1
gh-page,1
pengelolaan,1
masjin,1
Al-Muhajirin,1
snippets,1
(https://cerebroapp.com),1
åŸç¥ç¥ˆæ„¿,1
quickstart,1
Nix-related,1
æ·±å…¥äº†è§£,1
serverï¼ˆæœåŠ¡çš„æ„æ€ï¼Œä¸æ˜¯serveræ¡†æ¶ï¼‰,1
buerli's,1
CAD,1
æ‘¸é±¼è®¡æ—¶å™¨,1
reducing,1
size,1
image.,1
ingesting,1
RFCx,1
"Easy,",1
.deb,1
warrior,1
workflow,1
frameless,1
recording,1
APIs,1
world-class,1
globes,1
:earth_americas:,1
justin,1
shi,1
tagger,1
"framework,",1
2,1
Firebase.,1
repeat,1
"file,",1
Slim,1
website.,1
calculating,1
dates,1
Dr.,1
according,1
"""Jalali",1
"Calendar""",1
sexy,1
achievement,1
parser,1
"notification,",1
playtime,1
tracking.,1
achievements,1
earned,1
whether,1
"Steam,",1
"emulator,",1
FS,1
EthGlobal,1
submission,1
Firefights,1
React-JSONschema-form,1
2048,1
Node.js.,1
friend,1
ğŸ’¬ğŸ“±,1
Cybersecurity,1
Evaluation,1
æˆ‘çš„æ’­æ”¾å™¨,1
Zettelkasten,1
base.,1
é˜…è¯»reactæºç ,1
react-typescript-app,1
è„šæ‰‹æ¶,1
Mehul,1
Goel,1
Kush,1
Goel's,1
EMONITOR,1
æ™®é€šçš„ä¸‹è½½,1
MusicPlayer,1
Attributes,1
kind,1
ç·´ç¿’,1
Zeeko,1
PancakeSwap,1
Sniper,1
4íŒ€_í›•ì»¤ìŠ¤í¬ì»¤ìŠ¤_í•¸ì¦ˆì˜¤í”„,1
:raised_hands:,1
wifi,1
scanner,1
Zulip,1
inglÃ©s,1
departamento,1
Idiomas,1
Universidad,1
NariÃ±o,1
Automated,1
"microservices,",1
easy!,1
distraction-reducing,1
maximizing,1
electronJS!,1
microservice,1
architecture.,1
placing,1
utilizing,1
"website),",1
preparation,1
until,1
application).,1
lists,1
"(todo,",1
"tasks,",1
backlog,1
items),1
"""cowboy",1
"tiles""",1
ä¸€æ‹¬æ¡ç‚¹,1
OpenProject,1
å¯è§†åŒ–çš„nodejsç‰ˆæœ¬ç®¡ç†å·¥å…·,1
"""We",1
buttons,1
look,1
lick,1
"them.""",1
Pertama,1
organization.,1
Xposed,1
YukiHookAPI.,1
FAILING,1
Specially,1
:electron:.,1
"Word,",1
"Excel,",1
"PowerPoint,",1
"Outlook,",1
"OneDrive,",1
"Teams,",1
"OneNote,",1
"To-Do,",1
Family,1
"Safety,",1
Skype.,1
vanilla,1
PyTorch's,1
Integraded,1
Edgeless,1
conizador,1
llantas,1
rines,1
ipfs/js-datastore-core,1
#110,1
ler,1
escobar's,1
react-ts-electron-markdown,1
word-by-word,1
learning.,1
gen,1
git.,1
Anywhere.,1
Softbeep,1
collision,1
avoidance,1
give,1
capacity,1
gltf.files,1
showcase,1
these,1
space.,1
Nuxt,1
"Jest,Cypress)",1
teste,1
pratico,1
vaga,1
"estÃ¡gio,",1
Reddit,1
Resume,1
electron+vueå¼€å‘çš„æ’é˜Ÿå«å·å¤§å…æ˜¾ç¤ºå‘¼å«ç«¯åº”ç”¨ï¼Œæ¶ˆæ¯é€šä¿¡ä½¿ç”¨mqtt.,1
drum,1
signals,1
"Ideas,",1
"experiments,",1
failure,1
npm,1
everything.,1
weird,1
values,1
released,1
CI,1
æŸãƒ‹ã‚³ãƒ‹ã‚³å‹•ç”»ã®ã‚ˆã†ãªã‚¢ãƒ—ãƒª(Vueè£½),1
Murzillagui,1
ĞœÑƒÑ€Ğ·Ğ¸Ğ»Ğ»Ğ°,1
Ğ¾Ñ‚Ğ±Ğ¾Ñ€Ğ½Ñ‹Ñ…,1
Ğ½Ğ¾Ğ²Ğ¾ÑÑ‚ĞµĞ¹,1
parties,1
agree,1
transactions,1
execution.,1
"""Smart",1
"Mirror""",1
two-way,1
behind,1
typically,1
"date,",1
"weather,",1
sorts,1
things!,1
placed,1
"bathroom,",1
"kitchen,",1
"vanity,",1
place!,1
Projet,1
umodzi,1
Web-project,1
junior,1
Windows!,1
qqim,1
than,1
Protection,1
"tool,",1
secures,1
valuable,1
assets,1
macOS),1
ä½¿ç”¨vite+electron+vue3+tsæ­å»ºçš„ç®€æ˜“æ¨¡æ¿ï¼Œå·²é…ç½®çƒ­æ›´æ–°ï¼Œè¿˜æœ‰éƒ¨åˆ†é”™è¯¯å°šæœªè§£å†³,1
è¿™æ˜¯ä¸€ä¸ªèŠå¤©å®¤,1
m'aider,1
dans,1
les,1
maths,1
Conversation,1
Agent.,1
Snehamoyee,1
Jewellers,1
transaction,1
history,1
Horizen,1
addresses,1
export,1
cointracking,1
personalizable,1
basado,1
materia,1
operativa,1
"build,",1
(WIP),1
To-Do.,1
handler,1
DB's.,1
doubleshot,1
nestjs,1
tables/lists,1
SQLite,1
imports/exports,1
Custom-made,1
(bespoke),1
CMCL,1
Backend.,1
bitbucket,1
pull,1
Raycast,1
contem,1
Lista,1
Tarefas.,1
mac.,1
Hike,1
remastered,1
high-quality,1
datasets,1
vision,1
sale,1
Noir,1
Leonardo,1
Moura,1
Leitao,1
ComicServer,1
Legacy,1
**Deprecated**,1
Finance,1
Advisor,1
"tracking,",1
information/wiki,1
"more,",1
use.,1
electronchallenge,1
"Compy,",1
Companion?,1
pin,1
doing,1
enjoying,1
"demand,",1
consulting,1
content.,1
drag-and-drop,1
DropPoint.,1
side-by-side,1
mock,1
quickly,1
https://nertivia.net,1
panel,1
OBS,1
WebVR,1
:love_letter:,1
"beautiful,",1
socials,1
window!,1
EnderFramework,1
CSS.,1
needs.APIC,1
"Designing,",1
(even,1
"designing),",1
"Documentation,",1
Simulating,1
response,1
frontent,1
Deskreen,1
turns,1
secondary,1
ğŸš€ğŸš€ğŸš€,1
Unified,1
"tvOS,",1
"Wear,",1
"Watch,",1
"Mobile,",1
LG,1
"webOS,",1
"macOS/OSX,",1
"KaiOS,",1
FirefoxOS,1
Firefox,1
Relp,1
messenger.,1
Enjoy,1
"chat,",1
up!!!!!,1
prect,1
React+Electron,1
react-electron,1
Drive/OneDrive/etc,1
Telegram,1
age,1
TMX,1
Never,1
pixelation,1
redaction,1
technique,1
aid,1
code-server,1
integration.,1
âš ï¸,1
supported,1
npmåŒ…,1
E-Forge,1
å‰ç«¯ç¬”è®°,1
Elite,1
Dangerous,1
provide,1
exploring.,1
Cypher,1
"Wallet,",1
sending,1
"Cypher,",1
later,1
Live-Messenger,1
electron-quick-start,1
sample.,1
RegExp's,1
Successor.,1
Visually,1
readable,1
"rich,",1
technically,1
"extended,",1
naturally,1
"scalable,",1
"advanced,",1
Handsof,1
å¤ªæ(TaiJi)-åŸºäº,1
Antd,1
å®ç°çš„ä¼ªå¾®å‰ç«¯æ¨¡æ¿(é€‚ç”¨äºå¼€å‘å¤§å‹/å¤æ‚é¡¹ç›®ä½†åˆäººæ•°è¾ƒå°‘çš„æƒ…å†µ),1
Terraform!,1
Fork:,1
https://www.npmjs.com/package/@azure/msal-react/v/,1
Notepad,1
Ideated,1
prototyped,1
yours,1
truly.,1
electron-template,1
split,1
process.,1
vue-electron-music,1
countdown,1
datastore,1
definitions,1
Lua,1
Zomboid.,1
studies,1
CryptoInvestor,1
journal/diary,1
hitomidownloader_electron,1
19,1
Vue-2,1
(+,1
5),1
wp-todo,1
:tv:,1
IPTV,1
m3u,1
m3u8,1
"playlists,",1
"favorites,",1
"guide,",1
archive/catchup,1
Mysterium,1
WowUp,1
Warcraft,1
addon,1
SnailFM,1
Cozy,1
Ledger,1
(Desktop),1
school-app,1
capturing,1
Gym_Application,1
Mongo,1
vite.,1
Memrise,1
mass,1
rename,1
"scripts,",1
"resources,",1
"files,",1
tutorials,1
how-tos,1
pursuit,1
knowledge.,1
snyc,1
immoral,1
unethical,1
éŸ³ä¹app,1
desc,1
Combining,1
buildable,1
"Vuex,",1
further,1
Anonium,1
privacy,1
anonymously,1
encrypted.,1
"Quasar,",1
installing,1
Modrinth.,1
loose,1
corners,1
maintained,1
place.,1
Memorama,1
Tabla,1
amortizaciÃ³n,1
Dance,1
game!,1
Pomello,1
big5,1
assessment!,1
Thali,1
Restorent,1
hotels,1
"bills,",1
customers,1
rules-based,1
AI,1
simulation,1
USD,1
DOLLAR,1
DIGITIZED,1
åŸºäºreact17ç‰ˆæœ¬çš„æºç è°ƒè¯•,1
ClickGo,1
"OS,",1
Trello,1
outline,1
ad,1
serving,1
:crystal_ball:,1
"conversion,",1
diskord,1
legit,1
nx.dev,1
ë°•ëŒíšŒ,1
ì •ë³´,1
í¬ë¡¤ë§,1
ğŸ”¥ğŸ”¥ğŸ”¥,1
epe,1
Adera,1
"python,",1
flask,1
çœ‹é—¨èŸ¹ï¼Œä¸€ä¸ªç›‘æ§å„å¹³å°ç²‰ä¸æ•°é‡çš„æ¡Œé¢ç¨‹åºã€‚,1
EJS,1
L'application,1
du,1
T-rex-runner,1
vue3ã€viteã€electron,1
interaction,1
DERs,1
Energy,1
testnet,1
(Volta),1
ç§äººä¼šè®¡åŠ©æ‰‹,1
launchers,1
Kraken,1
Education,1
startup,1
founded,1
Advait,1
Variyar,1
Dylan,1
D'Souza,1
teachers,1
organise,1
Minting,1
contract,1
w/,1
Axelofwar,1
vitese,1
lite+naive,1
Eden,1
Peruse,1
PureTones,1
understanding,1
Indian,1
Classical,1
Slowly,1
App's,1
webpage,1
executable,1
"No,",1
associated,1
zeel,1
"Browser,",1
mission,1
Zoho,1
fether+,1
management.,1
(actually,1
huge,1
because,1
widget,1
NHL,1
scores.,1
https://isabelle.in.tum.de/repos/isabelle,1
reactã€webpackã€expresså­¦ä¹ ,1
chores.,1
Windicss,1
æ„å»ºçš„æ¡Œé¢åº”ç”¨ç¨‹åºæ¨¡æ¿,1
PoetrySlam,1
announce,1
"participants,",1
jury,1
"scores,",1
"HTML5,",1
accross,1
teleprompter,1
FIVE,1
Moraj,1
Lab,1
Tetrion,1
secrets,1
devices.,1
solana,1
Neoflex,1
part,1
recruitment,1
alert,1
event-driven,1
balls,1
18.01,1
debugger,1
bsd,1
:D,1
Tenzies,1
VPN.,1
ã€Œæ¢ä¸ª,1
è¯•è¯•ï¼ŸğŸ¤”ã€,1
Simple_shootingã®ãƒãƒ¼ã‚¸ãƒ§ãƒ³&æ§‹æˆç®¡ç†ãƒ„ãƒ¼ãƒ«ã§ã™,1
Fountain,1
Scriptwriting,1
horen,1
HERMES,1
returnPlanner,1
ã€Node.jsã€‘ä¸€å€‹åŸºæ–¼Electron.jsçš„æ¡Œé¢æ‡‰ç”¨ç¨‹å¼,1
animes,1
iframe,1
ãƒ‡ã‚¹ã‚¯ãƒˆãƒƒãƒ—ãƒ•ãƒ¬ãƒ¼ãƒ ãƒ¯ãƒ¼ã‚¯,1
è¯•å·wordè½¬excelå°å·¥å…·,1
Crawling,1
baseball-reference,1
10ProjetosHtmlCss,1
keyboard,1
locally,1
BrowserWindow,1
Extensible,1
future.,1
Today.,1
Table,1
Engine:,1
"fastest,",1
renderer.,1
HandBrake,1
FFmpeg/FFprobe,1
emphasis,1
batch,1
(including,1
recursive,1
watching),1
"-Windows,",1
non-developers,1
Puppeteer,1
Pulse,1
SMS,1
next-generation,1
devdocs,1
full-featured,1
DevDocs.io.,1
Quantum,1
Kit,1
Samples,1
REST,1
[OBSOLETE],1
Redocly,1
coc.nvim,1
Messager,1
flyff,1
duplicate,1
Htaccess,1
.htaccess,1
RPC,1
Deezer,1
Workshop,1
PDSC.,1
localstorage.,1
Realtime,1
"Socket.io,",1
MongoDB,1
breathe,1
exercises,1
points,1
journey.,1
Quasar/Vue,1
npx,1
my-app,1
ä¸»ã«ãƒãƒ¥ãƒ¼ãƒˆãƒªã‚¢ãƒ«ã‚„å‚è€ƒæ›¸ã‹ã‚‰å­¦ã‚“ã äº‹ã‚’ã‚¢ã‚¦ãƒˆãƒ—ãƒƒãƒˆã™ã‚‹ãƒªãƒã‚¸ãƒˆãƒªã§ã™ã€‚,1
SHA256,1
Encryptor,1
WEB6's,1
conversations,1
Filer,1
Decryption,1
fireship,1
tutotial,1
youtube.,1
[2022],1
Mint,1
Tutor's,1
Idler,1
intuitive,1
boosts,1
gameplay,1
Experiment:,1
Indigo,1
fake,1
hastly,1
fun,1
children,1
CodinGame,1
Mindustry,1
5th,1
Sem,1
"""Cell",1
"Machine""",1
Quizram,1
å®ç°,1
å¯¼å…¥æå–æ•°æ®,1
å…¨æ–‡æ£€ç´¢,1
Calulator,1
Wolrd,1
Seed,1
rings.,1
åŸºäºelectronçš„äºŒç»´ç ç”Ÿæˆå™¨,1
Financial,1
gengEditor,1
ç‰ˆæœ¬,1
electron-screen-shoot,1
ViteJS,1
"OSX,",1
Pangu,1
Prospect,1
cambiar,1
webs,1
setups,1
GitHub/GitLab,1
Repositories/Projects,1
interested,1
Pull/Merge,1
"""WatchDog",1
remind,1
"PRs""",1
combine,1
https://steamcommunity.com/app/1675200/discussions,1
Ğ£Ğ´Ğ¾Ğ±Ğ½Ñ‹Ğ¹,1
Ñ„ÑƒĞ½ĞºÑ†Ğ¸Ğ¾Ğ½Ğ°Ğ»ÑŒĞ½Ñ‹Ğ¹,1
Ğ½ĞµĞ¾Ñ„Ğ¸Ñ†Ğ¸Ğ°Ğ»ÑŒĞ½Ñ‹Ğ¹,1
ĞºĞ»Ğ¸ĞµĞ½Ñ‚,1
ÑƒĞ´Ğ¾Ğ±Ğ½Ğ¾Ğ³Ğ¾,1
Ğ¿Ñ€Ğ¾ÑĞ¼Ğ¾Ñ‚Ñ€Ğ°,1
Ğ°Ğ½Ğ¸Ğ¼Ğµ,1
ĞŸĞš,1
Ğ½Ğ¾ÑƒÑ‚Ğ±ÑƒĞºĞ°Ñ….,1
blockly,1
Roadkill,1
beaver.,1
landing,1
located,1
building.,1
launch,1
"Transformice,",1
intended,1
ARM64,1
computers.,1
soft,1
lagswitch,1
Tetris,1
Arkanoid,1
b2b,1
saas,1
í˜‘ì—…íˆ´,1
ë„ë ˆë“œ,1
communicate,1
port.,1
React+Typescript+Electroné«˜ä»¿bilibiliå®¢æˆ·ç«¯ï¼Œ,1
æ”¯æŒç›´æ’­+è§†é¢‘+å¼¹å¹•+hoveré¢„è§ˆæ•ˆæœã€‚,1
è´ªåƒè›‡ç»ƒä¹ ,1
Manga,1
Multitools,1
"conversions,",1
"calculations,",1
Fleeze,1
generation,1
low,1
designer,1
domain,1
appears,1
(ElectronJS),1
ğŸ‰There,1
interesting,1
here,1
Ğ Ğ°ÑÑˆĞ¸Ñ€ÑĞµĞ¼Ğ¾Ğµ,1
Ğ¸Ğ·ÑƒÑ‡ĞµĞ½Ğ¸Ğµ,1
Ñ‚ĞµÑ…Ğ½Ğ¾Ğ»Ğ¾Ğ³Ğ¸Ğ¹.,1
electron-vite-vue3ä»¿ç½‘æ˜“äº‘éŸ³ä¹æ¡Œé¢ç«¯,1
searching,1
meals,1
cocktails,1
recipes.,1
recipes,1
favorite,1
ä¸€ä¸ªèƒ½å¤Ÿåœ¨æµè§ˆå™¨ä¹‹å¤–æ˜¾ç¤ºå¼¹å¹•çš„å®¢æˆ·ç«¯,1
èƒ½å¤Ÿå®ç°çœ‹/å‘/è‡ªåŠ¨å›å¤å¼¹,1
Giddy,1
crossword,1
educational,1
GMTK,1
Jam,1
practical,1
mix,1
grayscale,1
textures,1
RGBA,1
mask.,1
Serverless,1
translate,1
Star,1
Wars,1
Holiday,1
"Hype,",1
hotel,1
booking,1
:hotel:,1
NFTs,1
arghssss,1
workspace,1
Emoji,1
DictionaryğŸ™ƒ,1
related,1
"Emojis,",1
"Phrases,",1
AI-powered,1
hummus,1
keeping,1
check.,1
POKT,1
gateway,1
Pocket,1
broader,1
ecosystem.,1
LuckyStackWorker,1
Turbo,1
ADC,1
dedicated,1
SDS,1
Aspect,1
BAMM,1
notesapp,1
vite3,1
momo,1
Partilha,1
seus,1
ficheiros!,1
ä¸ªäººç½‘ç«™ï¼Œç›®å‰æœ‰å¾…åŠäº‹é¡¹ç®¡ç†ã€æ”¶å…¥è®°å½•ç­‰åŠŸèƒ½,1
JavaScript-based,1
WebM,1
encoder,1
"performance,",1
"energy,",1
fan,1
comfort,1
TUXEDO,1
laptops.,1
novel,1
bring,1
Novels,1
creation.,1
functioning,1
prueba,1
electron-python,1
gives,1
token,1
were,1
account.,1
Nvida,1
Shield,1
Cambridge,1
Dictionary,1
(Unofficial).,1
mobile/desktop,1
Stellar,1
ENChatter,1
pruebas,1
SQLCipher,1
bindings,1
contratos,1
incompleto,1
incomplete,1
goddamn,1
boolr,1
mf,1
Intelligence,1
Skip,1
Tutorial:,1
Intro,1
(on,1
pause,1
project),1
Going,1
scuffed,1
Barq,1
Sparrow,1
wrapper.,1
cs52,1
GitDrag,1
hurdle,1
beginning,1
github.,1
"unorganized,",1
"unintuitive,",1
lacks,1
feedback,1
coders.,1
scary.,1
"GitDrag,",1
bins,1
accomplish,1
line.,1
"add,",1
"commit,",1
push,1
"github,",1
well,1
branches,1
separate,1
branch,1
UI.,1
Hotsite,1
eventos,1
dinÃ¢micos,1
Congresso,1
CBMA,1
theme,1
MoroboxAI,1
AIs,1
simplest,1
registry,1
"boilerplate,",1
invoicing,1
to-dos.,1
boilerplates,1
contributions,1
date,1
Labelling,1
WoT,1
thingweb.node-wot,1
screenshots,1
Tesseract,1
codes,1
types,1
Torizon,1
electron-updater,1
ìë™ë°°í¬ë¥¼,1
ìœ„í•œ,1
í…ŒìŠ¤íŠ¸,1
ë ˆí¬ì§€í† ë¦¬,1
åŸºäºmarkdownçš„æ€ç»´å¯¼å›¾å·¥å…·,1
(written,1
good),1
Desafio,1
ContÃ¡bil.,1
Testando,1
novos,1
conceitos.,1
xlsè½¬xml,1
JSå†™çš„,1
Tutotial.,1
smsForwordç½‘é¡µå®¢æˆ·ç«¯,1
Syncdepo,1
aimed,1
dive,1
login,1
burndown,1
subtasks,1
stories.,1
P2WDB,1
Red,1
graphing,1
objects,1
eletron,1
resource,1
puts,1
hand,1
"audio,",1
(Node.js),1
deployment,1
pages,1
trial1(https://minijainn.github.io/first-react-dep,1
electron-course,1
assists,1
person,1
fundamental,1
technical,1
stock,1
é¡¹ç›®ç®¡ç†å·¥å…·,1
MediaWiki,1
é€‚ç”¨äºVueçš„åŸå‹å·¥å…·,1
Hackable,1
developers,1
Lytical,1
statistics,1
regions,1
Garena,1
WeGame,1
Simplified,1
ModPack,1
åŸºäºHTMLæ ¼å¼çš„å¯Œæ–‡æœ¬ç¼–è¾‘å·¥å…·,1
CodeSandbox,1
Extends,1
Nightmare,1
".rightClick(),",1
".middleClick(),",1
.ctrlClick(),1
actions.,1
trade,1
macro,1
MP3s,1
scrapped,1
showing,1
vuex-electron-bridge,1
disassembly,1
CmSpeedrunner's,1
"Railfight,",1
original,1
planning,1
Getting,1
cleaner,1
Target,1
"""node_modules"",",1
"""vendor"",",1
"""build"",",1
"""dist""",1
deploy-all-the-things-ops200,1
Papa,1
Vector,1
InfotainmentScreen,1
Fastify,1
inside,1
consuming,1
electron+vue+vite,1
visualisation,1
topics,1
arrival,1
departure,1
"warehouses,",1
cost,1
suppliers.,1
ä¸€æ¬¾ç”¨vue3+electron19å¼€å‘çš„è®°äº‹æœ¬å’Œå¤§çº²ï¼Œæ€ç»´å¯¼å›¾åŠŸèƒ½(ä»¿å¹•å¸ƒ)ï¼Œæ‹¥æœ‰å¼€æœºè‡ªå¯ï¼Œæ‚¬æµ®çª—,1
Angry,1
Birds,1
particular,1
location,1
booster,1
brain,1
music-downloader,1
Setapp,1
techniques,1
HTML+CSS+JS,1
RetroMMO,1
éšæœºç‚¹åç³»ç»Ÿï¼Œé¡¾åæ€ä¹‰ï¼Œå®ƒå°±æ˜¯ä¸€æ¬¾èƒ½å¤Ÿç”¨æ¥éšæœºç‚¹åçš„ç³»ç»Ÿ~,1
Enterprise,1
Secret,1
CFDG,1
ZHZX,1
3.,1
logs,1
comments,1
kanbanboard,1
colisÃ£o,1
jogos,1
EIP-712,1
Micropayments,1
Defi,1
Metagames,1
grpcæµ‹è¯•å·¥å…·,1
LostArk,1
Jokbo,1
Snail.,1
E-APIæ¥å£ç®¡ç†å·¥å…·,1
(typescript),1
CodeLibrary,1
FL,1
NFTW-art.world,1
"museums,",1
galleries,1
collectors,1
tokenize,1
CDWA,1
"standard,",1
Tezos,1
technology,1
ownership,1
proofs.,1
"nuken,",1
https://mazean.com,1
compresses,1
TinyMCE,1
leaning,1
peer-2-peer,1
"encryption,",1
sharding,1
discoverability,1
DEX,1
SLP,1
tokens,1
(XEC),1
"Modern,",1
np-cloud-client-app,1
ê´€ë¦¬ì,1
í˜ì´ì§€,1
ì°¨íŠ¸,1
ubports-installerå·¥å…·æ±‰åŒ–,1
ç¬¬äºŒä¸ªçƒ‚å°¾å·¥ç¨‹,1
drilling,1
kanji,1
0.5,1
ActualisÃ©e,1
éšä¾¿çš„ç»ƒä¹ ,1
udamy,1
master-electron,1
slideshow,1
miskan,1
tkhiya,1
shool,1
ä¸€ä¸ªæŠ–éŸ³çš„è¥é”€å·¥å…·ï¼Œå…³é”®å­—æœç´¢ï¼Œè·å–è¯„è®ºå¹¶åˆ é€‰è¯„è®º,1
docker!,1
è´ªåƒè›‡å°æ¸¸æˆ,1
æ•´åˆäº†,1
Moze,1
Middleware,1
Yeelights,1
Business,1
Degree,1
Applicants,1
recite,1
politics,1
points.,1
ç”¨äºå­˜æ”¾ä¸€äº›reactç›¸å…³çš„åŸºç¡€ä¾‹å­ï¼›,1
Michigan,1
Addtional,1
AnvilToolkit,1
6-button,1
Elgato,1
Streamdeck.,1
Comic,1
Web3,1
pure,1
selenium-webdriver,1
cucumber-js,1
HOI4.,1
"Expo,",1
"React-Native,",1
Googles,1
directions,1
autocomplete,1
ios/android,1
driving,1
Vtracker,1
SFTP,1
way.,1
Transfer,1
SSH.,1
trocas,1
peÃ§as,1
caminhÃµes,1
Interfaz,1
escritorio,1
seguidor,1
solar,1
travÃ©s,1
puerto,1
serie,1
(electron),1
Strings,1
reminds,1
repeating,1
task.,1
"Next.js,",1
bootstrapped,1
CreateNextronApp.,1
Downhill,1
eTokens,1
QRCode,1
db-delete,1
CosminCraciun,1
modify,1
è·¨å¹³å°å›¾å½¢åŒ–ç•Œé¢çš„FRP,1
æ”¯æŒWin,1
Alarming-Sleep,1
components,1
workflows,1
(GraphQL,1
"Subscriptions,",1
collaboration),1
pet-projects,1
trigger,1
event.,1
messanger,1
VOIP,1
VideoBlosgter-Next,1
clik,1
RAID6,1
reliable,1
offline/cloud,1
Heterogeneous,1
track,1
spending,1
accounts.,1
needs,1
sense,1
someone,1
else.,1
formatting,1
toolè·¨å¹³å°çš„jsonæ ¼å¼åŒ–å·¥å…·,1
Cron,1
interface.,1
thanks,1
brightness,1
ease,1
Electron_Threejs_Template,1
todos,1
Isolate,1
"vocals,",1
"drums,",1
"bass,",1
instrumental,1
stems,1
song,1
contable,1
administraciÃ³n,1
personalizado,1
despacho,1
contadores.,1
practico,1
posible,1
cliente,1
potencial,1
ISTV%5D8Plus-patch,1
SDK:,1
https://github.com/casdoor/casdoor-js-sdk,1
"Server,",1
DW,1
auto,1
Supreme,1
ä¸€ä¸ªè¡¨å•è¯†åˆ«åŠ©æ‰‹ï¼Œå¯ä»¥å¸®åŠ©ç”¨æˆ·è¿›è¡Œå›¾ç‰‡è½¬execlä¸ç®€å•æœ¬åœ°å‚¨å­˜è§„åˆ’,1
living,1
Wordle,1
twist!,1
Difficulties,1
parcel,1
engineered,1
âš”ï¸,1
Collaborative,1
prototype.,1
Pseudo,1
timetracking-server,1
changer,1
"literature,",1
fast.,1
club,1
penguin,1
modifcable,1
3-way,1
midwayå‰ç«¯,1
onedrive,1
youtube-dl,1
Electronè£½ã®PCãƒ¦ãƒ¼ãƒ†ã‚£ãƒªãƒ†ã‚£ï¼ˆäºˆå®šï¼‰,1
"PostWindowæ˜¯ä¸€ä¸ªæ¥å£æµ‹è¯•å·¥å…·,åœ¨åšæ¥å£æµ‹è¯•çš„æ—¶å€™,PostWindowç›¸å½“äºä¸€ä¸ªå®¢æˆ·ç«¯,å®ƒ",1
"ä»è€ŒéªŒè¯å“åº”ä¸­çš„ç»“æœæ•°æ®æ˜¯å¦å’Œé¢„æœŸå€¼ç›¸åŒ¹é…;å¹¶ç¡®ä¿å¼€å‘äººå‘˜èƒ½å¤ŸåŠæ—¶å¤„ç†æ¥å£ä¸­çš„bug,è¿›è€Œä¿è¯äº§å“ä¸Š",1
whatsapp,1
tray.,1
d2,1
block,1
(E2EE).,1
ä½¿ç”¨,1
å¼€å‘çš„æ— æ°´å°ä¸‹è½½æŠ–éŸ³è§†é¢‘å·¥å…·,1
www.supremenewyork.com.,1
2018/19.,1
(Built,1
didnt,1
frameworks,1
raw,1
js),1
two-factor,1
(2FA),1
authenticator,1
Golem's,1
Yagna,1
Rust,1
overlay,1
labeling.,1
â›”ï¸,1
DEPRECATED,1
deprecated.,1
@advanced-rest-client/electron,1
instead.,1
autocompletion,1
syntax,1
highlighting,1
UnrealMapboxBridgePlugin,1
Unreal.,1
Import,1
heightmaps,1
Unreal,1
locations,1
Mapbox,1
Budget,1
hightschool,1
(TdR).,1
applies,1
shortest,1
OSM,1
Overpass,1
ReadyRun,1
æ„æˆï¼Œä¸»è¦ç”¨äºå†…éƒ¨ç³»ç»Ÿçš„é‡æ–°ç»„åˆã€‚,1
Workadventure,1
fivem,1
cache,1
accountant,1
ğŸ˜ğŸ˜,1
CoolLauncher,1
ksqlDB,1
linked,1
publishable,1
link!,1
OPS,1
200,1
Prove,1
conferencing,1
robot,1
"streets,",1
coupled,1
reporting,1
rubbish.,1
won,1
CodeSec,1
National,1
Finals,1
2022,1
topic,1
Environmental,1
Sector.,1
Rick,1
Action-Rogulike,1
RPG,1
elements.,1
"Phaser3,",1
Wubba,1
Lubba,1
Dub-Dub!,1
Infraestrutura,1
administrativa,1
ìœˆë„ìš°ì˜,1
"ë°°ê²½í™”ë©´,",1
"ì»¤ì„œ,",1
ì„¤ì •,1
ì—¬ëŸ¬,1
í…Œë§ˆ,1
í™œì„±í™”/ë¹„í™œì„±í™”,1
ìˆë„ë¡,1
ì¤ë‹ˆë‹¤.,1
ìµœì¢…ì˜,1
ëª©ì ì€,1
í•™ê¸‰ì—ì„œ,1
í•™ìƒë“¤ì˜,1
ì¥ë‚œìœ¼ë¡œ,1
ì¸í•´,1
í•™ê¸‰,1
ì»´í“¨í„°ì˜,1
í…Œë§ˆê°€,1
ë³€ê²½ë˜ëŠ”ê²ƒì„,1
ë°©ì§€í•˜ëŠ”,1
ê²ƒì…ë‹ˆë‹¤.,1
ìœˆë„ìš°,1
10,1
11,1
ë§ì¶°,1
ì¡ŒìŠµë‹ˆë‹¤,1
Minimalistic,1
react/electron,1
DepotDownloader,1
depots.,1
Instagram,1
GÃ©nÃ©rateur,1
(Projet,1
perso,1
apprendre,1
Inc's,1
junk.,1
einfache,1
Kalender-App,1
CryptoCurve,1
"Laravel,",1
"mysql,",1
nodejs.,1
lots,1
Photo,1
OctoDash,1
OctoPrint.,1
Realm,1
Efficiency,1
dapp,1
development.,1
æ¡Œé¢ç«¯ç®€å†å¯è§†åŒ–é¡¹ç›®ï¼ŒElectron+React+Node.js,1
Cider,1
Libre.FM/ListenBrainz/Maloja,1
CF,1
alongwith,1
prestored,1
Windowsç‰ˆDashï¼Œä½¿ç”¨Electronå†…åµŒdevDocs,1
åŸºäºelectronï¼Œå°å·¥å…·ï¼ŒåŒ…å«çœ‹éŸ³ä¹ã€çœ‹å°è¯´ç­‰åŠŸèƒ½,1
yi',1
charts,1
"lib,",1
basketball,1
Jianlian~,1
(NEW),1
wased,1
Wii,1
U's,1
WaraWara,1
Plaza.,1
Linux),1
Mapping,1
(React,1
Editor),1
Navegador,1
flutuante,1
Adam,1
reimplementation,1
Atom,1
kitten's,1
dick,1
pills,1
poor,1
lil,1
cat,1
cqan't,1
Guia,1
(incl.,1
Vuex),1
mutations,1
processes,1
ContextBridge,1
TUB,1
exported,1
:video_game:,1
GDevelop,1
Ambilight,1
rust.,1
turn,1
GameSalad,1
Web-installer,1
ethOS,1
scoring,1
ENG,1
KOR,1
Launcher(í—¬ë¦¬ì˜¤ìŠ¤,1
ëŸ°ì²˜)ë¥¼,1
ìˆ˜ì •í•œ,1
ëŸ°ì²˜ì…ë‹ˆë‹¤.,1
swiss,1
army,1
knife,1
lossless,1
video/audio,1
åŸºäºçŸ¥è¯†å›¾è°±çš„ç”µåŠ›ç¼ºé™·é—®ç­”ç³»ç»Ÿçš„å‰ç«¯éƒ¨åˆ†ã€‚å‰ç«¯electron+vueï¼Œåç«¯pythonï¼Œflask,1
CEF,1
Karaoki,1
songs.,1
front-end-app,1
electronç»“åˆgirhub,1
releaseså®ç°è‡ªåŠ¨æ›´æ–°demo,1
UA,1
patch,1
Aion,1
sumulator,1
Appointment's,1
hosts,1
electronåŸºäºelectronçš„è·¨å¹³å°hostsç®¡ç†å°å·¥å…·,1
amplify-electron-react-boilerplate,1
React/Electron-Based,1
(Or,1
Two),1
drafting,1
solidity.,1
v16.13.1é˜…è¯»,1
æä¾›ç±»ä¼¼windowsèµ„æºç®¡ç†å™¨åŠŸèƒ½ã€‚ç”¨æˆ·å¯ä»¥å¾ˆæ–¹ä¾¿çš„æµè§ˆæ–‡ä»¶ï¼Œä¸Šä¼ ä¸‹è½½æ–‡ä»¶ï¼Œæ”¯æŒæ–­ç‚¹ç»­ä¼ ç­‰ã€‚,1
å¼€å‘çš„è·¨ä¸‰ç«¯åº”ç”¨,1
all-purpose,1